date,VIX_daily
02-01-90,17
03-01-90,18
04-01-90,19
05-01-90,20
08-01-90,20
09-01-90,22
10-01-90,22
11-01-90,20
12-01-90,25
15-01-90,26
16-01-90,24
17-01-90,24
18-01-90,24
19-01-90,23
22-01-90,27
23-01-90,25
24-01-90,25
25-01-90,26
26-01-90,26
29-01-90,26
30-01-90,27
31-01-90,25
01-02-90,25
02-02-90,24
05-02-90,25
06-02-90,25
07-02-90,24
08-02-90,24
09-02-90,24
12-02-90,24
13-02-90,24
14-02-90,22
15-02-90,20
16-02-90,21
20-02-90,23
21-02-90,24
22-02-90,23
23-02-90,24
26-02-90,24
27-02-90,23
28-02-90,22
01-03-90,22
02-03-90,21
05-03-90,22
06-03-90,21
07-03-90,19
08-03-90,20
09-03-90,20
12-03-90,20
13-03-90,21
14-03-90,20
15-03-90,19
16-03-90,18
19-03-90,18
20-03-90,19
21-03-90,20
22-03-90,23
23-03-90,20
26-03-90,20
27-03-90,21
28-03-90,20
29-03-90,18
30-03-90,20
02-04-90,23
03-04-90,20
04-04-90,22
05-04-90,21
06-04-90,22
09-04-90,22
10-04-90,22
11-04-90,18
12-04-90,20
16-04-90,21
17-04-90,20
18-04-90,23
19-04-90,22
20-04-90,23
23-04-90,24
24-04-90,22
25-04-90,21
26-04-90,20
27-04-90,22
30-04-90,20
01-05-90,18
02-05-90,19
03-05-90,18
04-05-90,17
07-05-90,18
08-05-90,18
09-05-90,19
10-05-90,19
11-05-90,20
14-05-90,20
15-05-90,19
16-05-90,18
17-05-90,17
18-05-90,17
21-05-90,17
22-05-90,18
23-05-90,17
24-05-90,18
25-05-90,17
29-05-90,19
30-05-90,17
31-05-90,17
01-06-90,17
04-06-90,18
05-06-90,19
06-06-90,17
07-06-90,17
08-06-90,18
11-06-90,16
12-06-90,17
13-06-90,17
14-06-90,17
15-06-90,16
18-06-90,18
19-06-90,15
20-06-90,15
21-06-90,15
22-06-90,19
25-06-90,17
26-06-90,16
27-06-90,16
28-06-90,16
29-06-90,16
02-07-90,16
03-07-90,16
05-07-90,17
06-07-90,16
09-07-90,17
10-07-90,17
11-07-90,17
12-07-90,17
13-07-90,17
16-07-90,17
17-07-90,17
18-07-90,19
19-07-90,19
20-07-90,16
23-07-90,24
24-07-90,22
25-07-90,20
26-07-90,20
27-07-90,21
30-07-90,21
31-07-90,21
01-08-90,22
02-08-90,20
03-08-90,29
06-08-90,36
07-08-90,33
08-08-90,28
09-08-90,24
10-08-90,26
13-08-90,26
14-08-90,24
15-08-90,23
16-08-90,27
17-08-90,28
20-08-90,26
21-08-90,29
22-08-90,31
23-08-90,36
24-08-90,34
27-08-90,30
28-08-90,29
29-08-90,27
30-08-90,30
31-08-90,30
04-09-90,30
05-09-90,29
06-09-90,30
07-09-90,29
10-09-90,29
11-09-90,28
12-09-90,28
13-09-90,29
14-09-90,31
17-09-90,30
18-09-90,29
19-09-90,28
20-09-90,29
21-09-90,30
24-09-90,31
25-09-90,29
26-09-90,28
27-09-90,29
28-09-90,29
01-10-90,28
02-10-90,27
03-10-90,28
04-10-90,28
05-10-90,28
08-10-90,28
09-10-90,31
10-10-90,31
11-10-90,34
12-10-90,32
15-10-90,32
16-10-90,31
17-10-90,31
18-10-90,30
19-10-90,28
22-10-90,27
23-10-90,28
24-10-90,28
25-10-90,29
26-10-90,31
29-10-90,32
30-10-90,31
31-10-90,30
01-11-90,30
02-11-90,30
05-11-90,30
06-11-90,29
07-11-90,31
08-11-90,31
09-11-90,27
12-11-90,26
13-11-90,25
14-11-90,23
15-11-90,23
16-11-90,21
19-11-90,21
20-11-90,20
21-11-90,21
23-11-90,21
26-11-90,23
27-11-90,23
28-11-90,23
29-11-90,24
30-11-90,22
03-12-90,22
04-12-90,22
05-12-90,21
06-12-90,23
07-12-90,23
10-12-90,24
11-12-90,24
12-12-90,21
13-12-90,23
14-12-90,24
17-12-90,25
18-12-90,23
19-12-90,23
20-12-90,23
21-12-90,23
24-12-90,24
26-12-90,24
27-12-90,25
28-12-90,25
31-12-90,26
02-01-91,27
03-01-91,28
04-01-91,27
07-01-91,29
08-01-91,30
09-01-91,33
10-01-91,31
11-01-91,33
14-01-91,36
15-01-91,36
16-01-91,33
17-01-91,27
18-01-91,25
21-01-91,24
22-01-91,25
23-01-91,24
24-01-91,23
25-01-91,22
28-01-91,23
29-01-91,23
30-01-91,21
31-01-91,21
01-02-91,21
04-02-91,22
05-02-91,21
06-02-91,23
07-02-91,24
08-02-91,23
11-02-91,23
12-02-91,22
13-02-91,21
14-02-91,21
15-02-91,20
19-02-91,20
20-02-91,22
21-02-91,21
22-02-91,21
25-02-91,23
26-02-91,20
27-02-91,21
28-02-91,21
01-03-91,21
04-03-91,21
05-03-91,20
06-03-91,21
07-03-91,21
08-03-91,21
11-03-91,21
12-03-91,19
13-03-91,16
14-03-91,15
15-03-91,15
18-03-91,16
19-03-91,16
20-03-91,16
21-03-91,17
22-03-91,16
25-03-91,17
26-03-91,16
27-03-91,17
28-03-91,17
01-04-91,17
02-04-91,17
03-04-91,18
04-04-91,18
05-04-91,18
08-04-91,17
09-04-91,20
10-04-91,20
11-04-91,17
12-04-91,18
15-04-91,17
16-04-91,16
17-04-91,15
18-04-91,16
19-04-91,16
22-04-91,17
23-04-91,17
24-04-91,17
25-04-91,17
26-04-91,17
29-04-91,18
30-04-91,18
01-05-91,18
02-05-91,18
03-05-91,17
06-05-91,18
07-05-91,17
08-05-91,18
09-05-91,17
10-05-91,18
13-05-91,18
14-05-91,18
15-05-91,18
16-05-91,17
17-05-91,17
20-05-91,17
21-05-91,16
22-05-91,16
23-05-91,16
24-05-91,15
28-05-91,16
29-05-91,16
30-05-91,16
31-05-91,16
03-06-91,17
04-06-91,16
05-06-91,16
06-06-91,17
07-06-91,17
10-06-91,17
11-06-91,17
12-06-91,18
13-06-91,17
14-06-91,16
17-06-91,16
18-06-91,16
19-06-91,17
20-06-91,17
21-06-91,17
24-06-91,18
25-06-91,18
26-06-91,18
27-06-91,18
28-06-91,20
01-07-91,19
02-07-91,18
03-07-91,19
05-07-91,18
08-07-91,20
09-07-91,20
10-07-91,19
11-07-91,17
12-07-91,18
15-07-91,18
16-07-91,17
17-07-91,18
18-07-91,16
19-07-91,16
22-07-91,17
23-07-91,17
24-07-91,16
25-07-91,16
26-07-91,15
29-07-91,16
30-07-91,15
31-07-91,15
01-08-91,15
02-08-91,15
05-08-91,16
06-08-91,16
07-08-91,16
08-08-91,16
09-08-91,15
12-08-91,15
13-08-91,15
14-08-91,15
15-08-91,15
16-08-91,16
19-08-91,21
20-08-91,19
21-08-91,16
22-08-91,15
23-08-91,14
26-08-91,15
27-08-91,15
28-08-91,15
29-08-91,15
30-08-91,14
03-09-91,17
04-09-91,17
05-09-91,17
06-09-91,17
09-09-91,18
10-09-91,18
11-09-91,18
12-09-91,16
13-09-91,18
16-09-91,18
17-09-91,18
18-09-91,18
19-09-91,18
20-09-91,17
23-09-91,16
24-09-91,16
25-09-91,16
26-09-91,15
27-09-91,16
30-09-91,16
01-10-91,15
02-10-91,16
03-10-91,17
04-10-91,16
07-10-91,19
08-10-91,18
09-10-91,19
10-10-91,18
11-10-91,18
14-10-91,17
15-10-91,16
16-10-91,15
17-10-91,16
18-10-91,16
21-10-91,17
22-10-91,17
23-10-91,16
24-10-91,16
25-10-91,16
28-10-91,15
29-10-91,16
30-10-91,15
31-10-91,15
01-11-91,16
04-11-91,16
05-11-91,16
06-11-91,16
07-11-91,16
08-11-91,15
11-11-91,15
12-11-91,14
13-11-91,14
14-11-91,14
15-11-91,21
18-11-91,18
19-11-91,20
20-11-91,20
21-11-91,19
22-11-91,21
25-11-91,22
26-11-91,20
27-11-91,20
29-11-91,20
02-12-91,20
03-12-91,20
04-12-91,20
05-12-91,20
06-12-91,19
09-12-91,20
10-12-91,20
11-12-91,21
12-12-91,19
13-12-91,18
16-12-91,18
17-12-91,18
18-12-91,18
19-12-91,18
20-12-91,18
23-12-91,17
24-12-91,16
26-12-91,15
27-12-91,16
30-12-91,18
31-12-91,19
02-01-92,19
03-01-92,19
06-01-92,19
07-01-92,19
08-01-92,19
09-01-92,19
10-01-92,18
13-01-92,18
14-01-92,17
15-01-92,17
16-01-92,18
17-01-92,16
20-01-92,16
21-01-92,18
22-01-92,17
23-01-92,16
24-01-92,16
27-01-92,17
28-01-92,18
29-01-92,18
30-01-92,17
31-01-92,17
03-02-92,18
04-02-92,18
05-02-92,18
06-02-92,19
07-02-92,19
10-02-92,19
11-02-92,18
12-02-92,17
13-02-92,17
14-02-92,17
18-02-92,18
19-02-92,17
20-02-92,17
21-02-92,17
24-02-92,17
25-02-92,16
26-02-92,17
27-02-92,17
28-02-92,17
02-03-92,17
03-03-92,17
04-03-92,18
05-03-92,18
06-03-92,20
09-03-92,20
10-03-92,19
11-03-92,20
12-03-92,20
13-03-92,18
16-03-92,18
17-03-92,17
18-03-92,17
19-03-92,17
20-03-92,17
23-03-92,17
24-03-92,16
25-03-92,16
26-03-92,16
27-03-92,16
30-03-92,16
31-03-92,16
01-04-92,16
02-04-92,17
03-04-92,17
06-04-92,17
07-04-92,19
08-04-92,20
09-04-92,18
10-04-92,17
13-04-92,17
14-04-92,16
15-04-92,15
16-04-92,15
20-04-92,16
21-04-92,17
22-04-92,16
23-04-92,16
24-04-92,16
27-04-92,16
28-04-92,16
29-04-92,16
30-04-92,16
01-05-92,17
04-05-92,17
05-05-92,17
06-05-92,17
07-05-92,17
08-05-92,16
11-05-92,15
12-05-92,16
13-05-92,15
14-05-92,15
15-05-92,15
18-05-92,15
19-05-92,14
20-05-92,14
21-05-92,14
22-05-92,14
26-05-92,15
27-05-92,14
28-05-92,14
29-05-92,14
01-06-92,14
02-06-92,15
03-06-92,14
04-06-92,14
05-06-92,15
08-06-92,15
09-06-92,16
10-06-92,17
11-06-92,16
12-06-92,15
15-06-92,15
16-06-92,15
17-06-92,18
18-06-92,18
19-06-92,16
22-06-92,17
23-06-92,15
24-06-92,14
25-06-92,14
26-06-92,15
29-06-92,13
30-06-92,13
01-07-92,13
02-07-92,14
06-07-92,15
07-07-92,16
08-07-92,16
09-07-92,15
10-07-92,14
13-07-92,14
14-07-92,14
15-07-92,13
16-07-92,12
17-07-92,13
20-07-92,13
21-07-92,13
22-07-92,14
23-07-92,13
24-07-92,13
27-07-92,14
28-07-92,13
29-07-92,13
30-07-92,14
31-07-92,13
03-08-92,14
04-08-92,14
05-08-92,14
06-08-92,14
07-08-92,14
10-08-92,15
11-08-92,15
12-08-92,15
13-08-92,15
14-08-92,15
17-08-92,15
18-08-92,14
19-08-92,14
20-08-92,14
21-08-92,15
24-08-92,16
25-08-92,16
26-08-92,15
27-08-92,14
28-08-92,13
31-08-92,14
01-09-92,13
02-09-92,13
03-09-92,13
04-09-92,13
08-09-92,14
09-09-92,13
10-09-92,13
11-09-92,12
14-09-92,13
15-09-92,14
16-09-92,15
17-09-92,14
18-09-92,14
21-09-92,13
22-09-92,14
23-09-92,14
24-09-92,13
25-09-92,15
28-09-92,15
29-09-92,15
30-09-92,14
01-10-92,16
02-10-92,18
05-10-92,20
06-10-92,20
07-10-92,21
08-10-92,19
09-10-92,21
12-10-92,19
13-10-92,18
14-10-92,18
15-10-92,17
16-10-92,17
19-10-92,17
20-10-92,17
21-10-92,17
22-10-92,16
23-10-92,16
26-10-92,16
27-10-92,16
28-10-92,16
29-10-92,15
30-10-92,16
02-11-92,17
03-11-92,17
04-11-92,16
05-11-92,15
06-11-92,15
09-11-92,14
10-11-92,14
11-11-92,14
12-11-92,14
13-11-92,15
16-11-92,15
17-11-92,15
18-11-92,15
19-11-92,14
20-11-92,14
23-11-92,13
24-11-92,13
25-11-92,13
27-11-92,13
30-11-92,13
01-12-92,13
02-12-92,13
03-12-92,12
04-12-92,12
07-12-92,12
08-12-92,12
09-12-92,13
10-12-92,13
11-12-92,12
14-12-92,13
15-12-92,12
16-12-92,13
17-12-92,12
18-12-92,12
21-12-92,12
22-12-92,12
23-12-92,12
24-12-92,12
28-12-92,12
29-12-92,12
30-12-92,13
31-12-92,13
04-01-93,13
05-01-93,13
06-01-93,13
07-01-93,15
08-01-93,14
11-01-93,13
12-01-93,13
13-01-93,12
14-01-93,12
15-01-93,12
18-01-93,11
19-01-93,12
20-01-93,12
21-01-93,12
22-01-93,11
25-01-93,11
26-01-93,11
27-01-93,12
28-01-93,12
29-01-93,12
01-02-93,12
02-02-93,12
03-02-93,12
04-02-93,12
05-02-93,13
08-02-93,13
09-02-93,13
10-02-93,13
11-02-93,13
12-02-93,12
16-02-93,16
17-02-93,16
18-02-93,16
19-02-93,15
22-02-93,15
23-02-93,15
24-02-93,15
25-02-93,14
26-02-93,13
01-03-93,14
02-03-93,12
03-03-93,13
04-03-93,13
05-03-93,14
08-03-93,16
09-03-93,14
10-03-93,14
11-03-93,14
12-03-93,16
15-03-93,15
16-03-93,15
17-03-93,15
18-03-93,14
19-03-93,13
22-03-93,14
23-03-93,13
24-03-93,12
25-03-93,12
26-03-93,12
29-03-93,13
30-03-93,12
31-03-93,13
01-04-93,13
02-04-93,15
05-04-93,14
06-04-93,14
07-04-93,14
08-04-93,13
12-04-93,12
13-04-93,12
14-04-93,12
15-04-93,11
16-04-93,11
19-04-93,12
20-04-93,12
21-04-93,12
22-04-93,13
23-04-93,13
26-04-93,15
27-04-93,14
28-04-93,13
29-04-93,13
30-04-93,12
03-05-93,13
04-05-93,12
05-05-93,12
06-05-93,13
07-05-93,13
10-05-93,14
11-05-93,13
12-05-93,14
13-05-93,15
14-05-93,14
17-05-93,14
18-05-93,14
19-05-93,14
20-05-93,14
21-05-93,15
24-05-93,14
25-05-93,14
26-05-93,13
27-05-93,13
28-05-93,13
01-06-93,14
02-06-93,13
03-06-93,14
04-06-93,13
07-06-93,14
08-06-93,15
09-06-93,14
10-06-93,13
11-06-93,13
14-06-93,12
15-06-93,12
16-06-93,12
17-06-93,12
18-06-93,12
21-06-93,12
22-06-93,12
23-06-93,12
24-06-93,12
25-06-93,11
28-06-93,11
29-06-93,11
30-06-93,11
01-07-93,12
02-07-93,11
06-07-93,14
07-07-93,13
08-07-93,12
09-07-93,11
12-07-93,11
13-07-93,11
14-07-93,11
15-07-93,11
16-07-93,11
19-07-93,11
20-07-93,11
21-07-93,12
22-07-93,12
23-07-93,11
26-07-93,11
27-07-93,11
28-07-93,11
29-07-93,11
30-07-93,12
02-08-93,11
03-08-93,11
04-08-93,12
05-08-93,12
06-08-93,12
09-08-93,12
10-08-93,12
11-08-93,12
12-08-93,12
13-08-93,12
16-08-93,12
17-08-93,12
18-08-93,12
19-08-93,12
20-08-93,12
23-08-93,12
24-08-93,12
25-08-93,12
26-08-93,12
27-08-93,12
30-08-93,12
31-08-93,12
01-09-93,11
02-09-93,12
03-09-93,11
07-09-93,13
08-09-93,13
09-09-93,13
10-09-93,12
13-09-93,12
14-09-93,13
15-09-93,13
16-09-93,13
17-09-93,13
20-09-93,15
21-09-93,17
22-09-93,14
23-09-93,13
24-09-93,12
27-09-93,12
28-09-93,12
29-09-93,13
30-09-93,13
01-10-93,12
04-10-93,13
05-10-93,13
06-10-93,13
07-10-93,13
08-10-93,12
11-10-93,12
12-10-93,12
13-10-93,11
14-10-93,11
15-10-93,11
18-10-93,11
19-10-93,12
20-10-93,11
21-10-93,11
22-10-93,11
25-10-93,12
26-10-93,12
27-10-93,12
28-10-93,12
29-10-93,11
01-11-93,12
02-11-93,12
03-11-93,13
04-11-93,15
05-11-93,15
08-11-93,14
09-11-93,14
10-11-93,14
11-11-93,14
12-11-93,13
15-11-93,14
16-11-93,15
17-11-93,16
18-11-93,15
19-11-93,15
22-11-93,16
23-11-93,14
24-11-93,14
26-11-93,14
29-11-93,14
30-11-93,14
01-12-93,14
02-12-93,14
03-12-93,13
06-12-93,13
07-12-93,12
08-12-93,12
09-12-93,12
10-12-93,13
13-12-93,11
14-12-93,11
15-12-93,11
16-12-93,11
17-12-93,11
20-12-93,11
21-12-93,10
22-12-93,9
23-12-93,9
27-12-93,10
28-12-93,10
29-12-93,10
30-12-93,11
31-12-93,12
03-01-94,13
04-01-94,12
05-01-94,11
06-01-94,11
07-01-94,11
10-01-94,11
11-01-94,11
12-01-94,12
13-01-94,12
14-01-94,11
17-01-94,12
18-01-94,12
19-01-94,12
20-01-94,11
21-01-94,11
24-01-94,12
25-01-94,11
26-01-94,11
27-01-94,10
28-01-94,10
31-01-94,11
01-02-94,11
02-02-94,11
03-02-94,11
04-02-94,15
07-02-94,14
08-02-94,14
09-02-94,13
10-02-94,14
11-02-94,14
14-02-94,14
15-02-94,13
16-02-94,13
17-02-94,14
18-02-94,15
22-02-94,14
23-02-94,14
24-02-94,16
25-02-94,15
28-02-94,15
01-03-94,16
02-03-94,16
03-03-94,16
04-03-94,16
07-03-94,14
08-03-94,16
09-03-94,14
10-03-94,17
11-03-94,15
14-03-94,17
15-03-94,15
16-03-94,15
17-03-94,13
18-03-94,13
21-03-94,14
22-03-94,13
23-03-94,12
24-03-94,13
25-03-94,14
28-03-94,15
29-03-94,16
30-03-94,19
31-03-94,20
04-04-94,24
05-04-94,18
06-04-94,17
07-04-94,17
08-04-94,17
11-04-94,17
12-04-94,16
13-04-94,17
14-04-94,16
15-04-94,16
18-04-94,17
19-04-94,17
20-04-94,17
21-04-94,15
22-04-94,15
25-04-94,14
26-04-94,14
28-04-94,15
29-04-94,14
02-05-94,14
03-05-94,14
04-05-94,14
05-05-94,15
06-05-94,15
09-05-94,16
10-05-94,15
11-05-94,16
12-05-94,15
13-05-94,15
16-05-94,15
17-05-94,14
18-05-94,13
19-05-94,12
20-05-94,13
23-05-94,13
24-05-94,13
25-05-94,12
26-05-94,13
27-05-94,12
31-05-94,13
01-06-94,13
02-06-94,13
03-06-94,12
06-06-94,13
07-06-94,13
08-06-94,13
09-06-94,13
10-06-94,13
13-06-94,12
14-06-94,12
15-06-94,12
16-06-94,11
17-06-94,12
20-06-94,14
21-06-94,15
22-06-94,14
23-06-94,14
24-06-94,17
27-06-94,16
28-06-94,15
29-06-94,14
30-06-94,15
01-07-94,14
05-07-94,15
06-07-94,15
07-07-94,14
08-07-94,13
11-07-94,14
12-07-94,13
13-07-94,12
14-07-94,12
15-07-94,11
18-07-94,11
19-07-94,12
20-07-94,12
21-07-94,12
22-07-94,11
25-07-94,11
26-07-94,12
27-07-94,12
28-07-94,12
29-07-94,11
01-08-94,11
02-08-94,11
03-08-94,11
04-08-94,12
05-08-94,12
08-08-94,12
09-08-94,13
10-08-94,12
11-08-94,12
12-08-94,11
15-08-94,12
16-08-94,11
17-08-94,12
18-08-94,12
19-08-94,13
22-08-94,13
23-08-94,12
24-08-94,12
25-08-94,12
26-08-94,12
29-08-94,12
30-08-94,11
31-08-94,12
01-09-94,12
02-09-94,11
06-09-94,12
07-09-94,12
08-09-94,12
09-09-94,13
12-09-94,14
13-09-94,14
14-09-94,13
15-09-94,12
16-09-94,13
19-09-94,13
20-09-94,14
21-09-94,14
22-09-94,14
23-09-94,15
26-09-94,15
27-09-94,14
28-09-94,13
29-09-94,14
30-09-94,14
03-10-94,15
04-10-94,17
05-10-94,16
06-10-94,16
07-10-94,15
10-10-94,15
11-10-94,14
12-10-94,15
13-10-94,15
14-10-94,13
17-10-94,15
18-10-94,15
19-10-94,15
20-10-94,16
21-10-94,16
24-10-94,17
25-10-94,16
26-10-94,16
27-10-94,16
28-10-94,15
31-10-94,15
01-11-94,15
02-11-94,15
03-11-94,16
04-11-94,17
07-11-94,17
08-11-94,16
09-11-94,16
10-11-94,16
11-11-94,17
14-11-94,17
15-11-94,17
16-11-94,16
17-11-94,16
18-11-94,16
21-11-94,16
22-11-94,17
23-11-94,18
25-11-94,17
28-11-94,17
29-11-94,16
30-11-94,16
01-12-94,17
02-12-94,17
05-12-94,16
06-12-94,16
07-12-94,16
08-12-94,18
09-12-94,16
12-12-94,15
13-12-94,14
14-12-94,13
15-12-94,13
16-12-94,13
19-12-94,13
20-12-94,13
21-12-94,12
22-12-94,12
23-12-94,12
27-12-94,12
28-12-94,13
29-12-94,13
30-12-94,13
03-01-95,14
04-01-95,14
05-01-95,14
06-01-95,13
09-01-95,13
10-01-95,13
11-01-95,12
12-01-95,13
13-01-95,11
16-01-95,11
17-01-95,12
18-01-95,12
19-01-95,12
20-01-95,12
23-01-95,13
24-01-95,12
25-01-95,11
26-01-95,11
27-01-95,11
30-01-95,12
31-01-95,12
01-02-95,12
02-02-95,11
03-02-95,11
06-02-95,11
07-02-95,11
08-02-95,11
09-02-95,12
10-02-95,11
13-02-95,11
14-02-95,11
15-02-95,12
16-02-95,12
17-02-95,12
21-02-95,12
22-02-95,11
23-02-95,11
24-02-95,11
27-02-95,13
28-02-95,12
01-03-95,12
02-03-95,12
03-03-95,11
06-03-95,12
07-03-95,14
08-03-95,14
09-03-95,13
10-03-95,12
13-03-95,12
14-03-95,12
15-03-95,12
16-03-95,12
17-03-95,12
20-03-95,11
21-03-95,12
22-03-95,11
23-03-95,11
24-03-95,11
27-03-95,12
28-03-95,11
29-03-95,13
30-03-95,13
31-03-95,13
03-04-95,14
04-04-95,13
05-04-95,13
06-04-95,13
07-04-95,13
10-04-95,13
11-04-95,13
12-04-95,12
13-04-95,11
17-04-95,12
18-04-95,13
19-04-95,13
20-04-95,12
21-04-95,12
24-04-95,12
25-04-95,12
26-04-95,12
27-04-95,12
28-04-95,12
01-05-95,12
02-05-95,12
03-05-95,12
04-05-95,13
05-05-95,12
08-05-95,12
09-05-95,13
10-05-95,13
11-05-95,13
12-05-95,12
15-05-95,12
16-05-95,12
17-05-95,12
18-05-95,13
19-05-95,13
22-05-95,12
23-05-95,12
24-05-95,11
25-05-95,12
26-05-95,12
30-05-95,13
31-05-95,13
01-06-95,12
02-06-95,13
05-06-95,13
06-06-95,13
07-06-95,13
08-06-95,13
09-06-95,13
12-06-95,12
13-06-95,11
14-06-95,11
15-06-95,11
16-06-95,11
19-06-95,11
20-06-95,11
21-06-95,11
22-06-95,11
23-06-95,11
26-06-95,12
27-06-95,12
28-06-95,12
29-06-95,12
30-06-95,11
03-07-95,12
05-07-95,12
06-07-95,12
07-07-95,12
10-07-95,12
11-07-95,12
12-07-95,12
13-07-95,13
14-07-95,12
17-07-95,12
18-07-95,13
19-07-95,13
20-07-95,13
21-07-95,12
24-07-95,13
25-07-95,13
26-07-95,13
27-07-95,13
28-07-95,13
31-07-95,13
01-08-95,14
02-08-95,14
03-08-95,14
04-08-95,13
07-08-95,13
08-08-95,13
09-08-95,13
10-08-95,13
11-08-95,13
14-08-95,13
15-08-95,12
16-08-95,12
17-08-95,12
18-08-95,12
21-08-95,13
22-08-95,13
23-08-95,13
24-08-95,13
25-08-95,12
28-08-95,12
29-08-95,13
30-08-95,12
31-08-95,12
01-09-95,11
05-09-95,12
06-09-95,12
07-09-95,12
08-09-95,11
11-09-95,12
12-09-95,11
13-09-95,11
14-09-95,11
15-09-95,12
18-09-95,12
19-09-95,13
20-09-95,12
21-09-95,13
22-09-95,12
25-09-95,13
26-09-95,13
27-09-95,13
28-09-95,12
29-09-95,13
02-10-95,14
03-10-95,15
04-10-95,15
05-10-95,16
06-10-95,14
09-10-95,15
10-10-95,15
11-10-95,15
12-10-95,14
13-10-95,14
16-10-95,15
17-10-95,14
18-10-95,14
19-10-95,14
20-10-95,13
23-10-95,14
24-10-95,14
25-10-95,14
26-10-95,16
27-10-95,15
30-10-95,14
31-10-95,14
01-11-95,13
02-11-95,13
03-11-95,12
06-11-95,13
07-11-95,13
08-11-95,12
09-11-95,12
10-11-95,13
13-11-95,13
14-11-95,13
15-11-95,13
16-11-95,13
17-11-95,12
20-11-95,12
21-11-95,12
22-11-95,12
24-11-95,12
27-11-95,12
28-11-95,12
29-11-95,12
30-11-95,12
01-12-95,11
04-12-95,11
05-12-95,12
06-12-95,13
07-12-95,13
08-12-95,11
11-12-95,11
12-12-95,11
13-12-95,10
14-12-95,11
15-12-95,11
18-12-95,15
19-12-95,13
20-12-95,12
21-12-95,11
22-12-95,12
26-12-95,11
27-12-95,12
28-12-95,12
29-12-95,13
02-01-96,12
03-01-96,12
04-01-96,14
05-01-96,14
08-01-96,13
09-01-96,15
10-01-96,16
11-01-96,15
12-01-96,14
15-01-96,15
16-01-96,14
17-01-96,14
18-01-96,14
19-01-96,13
22-01-96,13
23-01-96,14
24-01-96,13
25-01-96,13
26-01-96,12
29-01-96,12
30-01-96,12
31-01-96,13
01-02-96,13
02-02-96,13
05-02-96,13
06-02-96,15
07-02-96,14
08-02-96,14
09-02-96,15
12-02-96,15
13-02-96,15
14-02-96,16
15-02-96,16
16-02-96,15
20-02-96,17
21-02-96,14
22-02-96,15
23-02-96,15
26-02-96,16
27-02-96,17
28-02-96,17
29-02-96,17
01-03-96,17
04-03-96,17
05-03-96,16
06-03-96,17
07-03-96,16
08-03-96,21
11-03-96,19
12-03-96,19
13-03-96,18
14-03-96,17
15-03-96,17
18-03-96,17
19-03-96,18
20-03-96,19
21-03-96,18
22-03-96,17
25-03-96,18
26-03-96,18
27-03-96,18
28-03-96,18
29-03-96,19
01-04-96,18
02-04-96,16
03-04-96,16
04-04-96,16
08-04-96,19
09-04-96,17
10-04-96,20
11-04-96,20
12-04-96,17
15-04-96,17
16-04-96,16
17-04-96,17
18-04-96,16
19-04-96,15
22-04-96,15
23-04-96,15
24-04-96,15
25-04-96,15
26-04-96,15
29-04-96,15
30-04-96,16
01-05-96,16
02-05-96,19
03-05-96,17
06-05-96,17
07-05-96,17
08-05-96,16
09-05-96,17
10-05-96,16
13-05-96,15
14-05-96,15
15-05-96,16
16-05-96,16
17-05-96,15
20-05-96,16
21-05-96,16
22-05-96,16
23-05-96,16
24-05-96,16
28-05-96,17
29-05-96,17
30-05-96,16
31-05-96,16
03-06-96,17
04-06-96,16
05-06-96,16
06-06-96,17
07-06-96,16
10-06-96,17
11-06-96,17
12-06-96,17
13-06-96,17
14-06-96,19
17-06-96,17
18-06-96,17
19-06-96,18
20-06-96,17
21-06-96,16
24-06-96,16
25-06-96,15
26-06-96,15
27-06-96,14
28-06-96,14
01-07-96,14
02-07-96,14
03-07-96,14
05-07-96,16
08-07-96,16
09-07-96,15
10-07-96,16
11-07-96,18
12-07-96,17
15-07-96,20
16-07-96,20
17-07-96,19
18-07-96,18
19-07-96,17
22-07-96,20
23-07-96,22
24-07-96,21
25-07-96,19
26-07-96,17
29-07-96,20
30-07-96,21
31-07-96,19
01-08-96,19
02-08-96,16
05-08-96,17
06-08-96,17
07-08-96,16
08-08-96,16
09-08-96,16
12-08-96,16
13-08-96,16
14-08-96,16
15-08-96,15
16-08-96,15
19-08-96,15
20-08-96,15
21-08-96,15
22-08-96,14
23-08-96,14
26-08-96,15
27-08-96,15
28-08-96,15
29-08-96,16
30-08-96,17
03-09-96,18
04-09-96,19
05-09-96,21
06-09-96,17
09-09-96,16
10-09-96,16
11-09-96,16
12-09-96,16
13-09-96,15
16-09-96,15
17-09-96,16
18-09-96,16
19-09-96,16
20-09-96,16
23-09-96,16
24-09-96,16
25-09-96,16
26-09-96,16
27-09-96,16
30-09-96,17
01-10-96,17
02-10-96,17
03-10-96,17
04-10-96,15
07-10-96,15
08-10-96,16
09-10-96,16
10-10-96,16
11-10-96,15
14-10-96,15
15-10-96,16
16-10-96,16
17-10-96,15
18-10-96,15
21-10-96,16
22-10-96,16
23-10-96,16
24-10-96,17
25-10-96,17
28-10-96,18
29-10-96,18
30-10-96,18
31-10-96,18
01-11-96,18
04-11-96,18
05-11-96,18
06-11-96,17
07-11-96,17
08-11-96,16
11-11-96,14
12-11-96,15
13-11-96,15
14-11-96,14
15-11-96,14
18-11-96,15
19-11-96,15
20-11-96,16
21-11-96,16
22-11-96,15
25-11-96,16
26-11-96,17
27-11-96,17
29-11-96,17
02-12-96,18
03-12-96,19
04-12-96,18
05-12-96,18
06-12-96,19
09-12-96,18
10-12-96,18
11-12-96,20
12-12-96,20
13-12-96,21
16-12-96,22
17-12-96,21
18-12-96,19
19-12-96,19
20-12-96,19
23-12-96,20
24-12-96,19
26-12-96,19
27-12-96,19
30-12-96,20
31-12-96,21
02-01-97,21
03-01-97,19
06-01-97,20
07-01-97,19
08-01-97,20
09-01-97,21
10-01-97,20
13-01-97,20
14-01-97,19
15-01-97,19
16-01-97,20
17-01-97,19
20-01-97,19
21-01-97,18
22-01-97,17
23-01-97,18
24-01-97,19
27-01-97,20
28-01-97,21
29-01-97,20
30-01-97,19
31-01-97,19
03-02-97,20
04-02-97,19
05-02-97,21
06-02-97,20
07-02-97,19
10-02-97,21
11-02-97,20
12-02-97,19
13-02-97,19
14-02-97,19
18-02-97,20
19-02-97,21
20-02-97,21
21-02-97,21
24-02-97,20
25-02-97,20
26-02-97,21
27-02-97,21
28-02-97,21
03-03-97,21
04-03-97,21
05-03-97,19
06-03-97,20
07-03-97,19
10-03-97,19
11-03-97,19
12-03-97,20
13-03-97,20
14-03-97,20
17-03-97,21
18-03-97,21
19-03-97,22
20-03-97,21
21-03-97,20
24-03-97,20
25-03-97,19
26-03-97,18
27-03-97,21
31-03-97,22
01-04-97,21
02-04-97,21
03-04-97,21
04-04-97,19
07-04-97,19
08-04-97,18
09-04-97,19
10-04-97,19
11-04-97,20
14-04-97,19
15-04-97,18
16-04-97,18
17-04-97,19
18-04-97,19
21-04-97,20
22-04-97,20
23-04-97,20
24-04-97,21
25-04-97,21
28-04-97,21
29-04-97,20
30-04-97,20
01-05-97,20
02-05-97,18
05-05-97,20
06-05-97,21
07-05-97,21
08-05-97,21
09-05-97,20
12-05-97,20
13-05-97,21
14-05-97,21
15-05-97,20
16-05-97,22
19-05-97,21
20-05-97,19
21-05-97,19
22-05-97,19
23-05-97,18
27-05-97,19
28-05-97,19
29-05-97,19
30-05-97,19
02-06-97,21
03-06-97,20
04-06-97,20
05-06-97,20
06-06-97,19
09-06-97,19
10-06-97,19
11-06-97,19
12-06-97,19
13-06-97,19
16-06-97,20
17-06-97,20
18-06-97,20
19-06-97,20
20-06-97,20
23-06-97,21
24-06-97,21
25-06-97,22
26-06-97,22
27-06-97,21
30-06-97,22
01-07-97,21
02-07-97,20
03-07-97,18
07-07-97,19
08-07-97,19
09-07-97,20
10-07-97,20
11-07-97,19
14-07-97,20
15-07-97,19
16-07-97,19
17-07-97,21
18-07-97,22
21-07-97,24
22-07-97,22
23-07-97,21
24-07-97,21
25-07-97,21
28-07-97,22
29-07-97,22
30-07-97,21
31-07-97,21
01-08-97,22
04-08-97,22
05-08-97,21
06-08-97,20
07-08-97,20
08-08-97,22
11-08-97,23
12-08-97,24
13-08-97,25
14-08-97,23
15-08-97,24
18-08-97,24
19-08-97,23
20-08-97,21
21-08-97,24
22-08-97,25
25-08-97,24
26-08-97,25
27-08-97,24
28-08-97,25
29-08-97,25
02-09-97,25
03-09-97,25
04-09-97,25
05-09-97,24
08-09-97,24
09-09-97,24
10-09-97,25
11-09-97,26
12-09-97,25
15-09-97,26
16-09-97,24
17-09-97,24
18-09-97,23
19-09-97,23
22-09-97,22
23-09-97,22
24-09-97,23
25-09-97,23
26-09-97,22
29-09-97,22
30-09-97,23
01-10-97,22
02-10-97,22
03-10-97,22
06-10-97,22
07-10-97,20
08-10-97,21
09-10-97,22
10-10-97,20
13-10-97,20
14-10-97,20
15-10-97,20
16-10-97,21
17-10-97,22
20-10-97,21
21-10-97,20
22-10-97,20
23-10-97,23
24-10-97,23
27-10-97,31
28-10-97,31
29-10-97,34
30-10-97,38
31-10-97,35
03-11-97,32
04-11-97,32
05-11-97,32
06-11-97,33
07-11-97,36
10-11-97,37
11-11-97,36
12-11-97,38
13-11-97,37
14-11-97,34
17-11-97,32
18-11-97,32
19-11-97,30
20-11-97,27
21-11-97,27
24-11-97,30
25-11-97,29
26-11-97,29
28-11-97,27
01-12-97,26
02-12-97,26
03-12-97,24
04-12-97,24
05-12-97,23
08-12-97,23
09-12-97,23
10-12-97,25
11-12-97,28
12-12-97,28
15-12-97,27
16-12-97,26
17-12-97,26
18-12-97,27
19-12-97,29
22-12-97,29
23-12-97,30
24-12-97,30
26-12-97,29
29-12-97,27
30-12-97,24
31-12-97,24
02-01-98,23
05-01-98,24
06-01-98,26
07-01-98,25
08-01-98,26
09-01-98,29
12-01-98,28
13-01-98,25
14-01-98,24
15-01-98,23
16-01-98,22
20-01-98,22
21-01-98,23
22-01-98,23
23-01-98,23
26-01-98,24
27-01-98,22
28-01-98,22
29-01-98,22
30-01-98,21
02-02-98,21
03-02-98,21
04-02-98,21
05-02-98,21
06-02-98,21
09-02-98,22
10-02-98,21
11-02-98,20
12-02-98,20
13-02-98,20
17-02-98,21
18-02-98,20
19-02-98,20
20-02-98,19
23-02-98,19
24-02-98,19
25-02-98,19
26-02-98,19
27-02-98,19
02-03-98,19
03-03-98,19
04-03-98,20
05-03-98,21
06-03-98,19
09-03-98,20
10-03-98,19
11-03-98,19
12-03-98,18
13-03-98,19
16-03-98,19
17-03-98,19
18-03-98,18
19-03-98,18
20-03-98,19
23-03-98,20
24-03-98,21
25-03-98,23
26-03-98,23
27-03-98,23
30-03-98,25
31-03-98,24
01-04-98,23
02-04-98,22
03-04-98,22
06-04-98,22
07-04-98,24
08-04-98,23
09-04-98,22
13-04-98,23
14-04-98,22
15-04-98,21
16-04-98,22
17-04-98,21
20-04-98,20
21-04-98,20
22-04-98,19
23-04-98,21
24-04-98,22
27-04-98,26
28-04-98,24
29-04-98,23
30-04-98,21
01-05-98,19
04-05-98,20
05-05-98,21
06-05-98,23
07-05-98,23
08-05-98,21
11-05-98,21
12-05-98,21
13-05-98,20
14-05-98,20
15-05-98,20
18-05-98,22
19-05-98,20
20-05-98,20
21-05-98,19
22-05-98,19
26-05-98,22
27-05-98,23
28-05-98,21
29-05-98,21
01-06-98,23
02-06-98,22
03-06-98,23
04-06-98,21
05-06-98,20
08-06-98,21
09-06-98,21
10-06-98,21
11-06-98,24
12-06-98,23
15-06-98,26
16-06-98,25
17-06-98,23
18-06-98,22
19-06-98,22
22-06-98,22
23-06-98,20
24-06-98,20
25-06-98,20
26-06-98,19
29-06-98,20
30-06-98,20
01-07-98,18
02-07-98,18
06-07-98,19
07-07-98,19
08-07-98,18
09-07-98,18
10-07-98,18
13-07-98,18
14-07-98,18
15-07-98,18
16-07-98,17
17-07-98,16
20-07-98,17
21-07-98,20
22-07-98,20
23-07-98,23
24-07-98,23
27-07-98,23
28-07-98,25
29-07-98,25
30-07-98,23
31-07-98,25
03-08-98,26
04-08-98,31
05-08-98,30
06-08-98,28
07-08-98,27
10-08-98,29
11-08-98,32
12-08-98,29
13-08-98,30
14-08-98,34
17-08-98,32
18-08-98,28
19-08-98,29
20-08-98,30
21-08-98,33
24-08-98,32
25-08-98,30
26-08-98,31
27-08-98,39
28-08-98,40
31-08-98,44
01-09-98,36
02-09-98,37
03-09-98,41
04-09-98,43
08-09-98,38
09-09-98,40
10-09-98,45
11-09-98,44
14-09-98,39
15-09-98,37
16-09-98,36
17-09-98,39
18-09-98,39
21-09-98,39
22-09-98,37
23-09-98,32
24-09-98,35
25-09-98,35
28-09-98,35
29-09-98,36
30-09-98,41
01-10-98,43
02-10-98,40
05-10-98,43
06-10-98,41
07-10-98,44
08-10-98,46
09-10-98,42
12-10-98,40
13-10-98,40
14-10-98,39
15-10-98,33
16-10-98,35
19-10-98,33
20-10-98,33
21-10-98,33
22-10-98,32
23-10-98,32
26-10-98,32
27-10-98,33
28-10-98,32
29-10-98,30
30-10-98,28
02-11-98,27
03-11-98,28
04-11-98,27
05-11-98,26
06-11-98,26
09-11-98,28
10-11-98,28
11-11-98,28
12-11-98,29
13-11-98,29
16-11-98,29
17-11-98,28
18-11-98,27
19-11-98,26
20-11-98,22
23-11-98,22
24-11-98,23
25-11-98,22
27-11-98,22
30-11-98,26
01-12-98,25
02-12-98,25
03-12-98,29
04-12-98,25
07-12-98,25
08-12-98,26
09-12-98,26
10-12-98,27
11-12-98,28
14-12-98,31
15-12-98,29
16-12-98,30
17-12-98,28
18-12-98,25
21-12-98,24
22-12-98,23
23-12-98,20
24-12-98,21
28-12-98,24
29-12-98,22
30-12-98,23
31-12-98,24
04-01-99,26
05-01-99,24
06-01-99,23
07-01-99,24
08-01-99,23
11-01-99,25
12-01-99,28
13-01-99,30
14-01-99,33
15-01-99,29
19-01-99,29
20-01-99,29
21-01-99,31
22-01-99,32
25-01-99,31
26-01-99,29
27-01-99,30
28-01-99,28
29-01-99,26
01-02-99,28
02-02-99,28
03-02-99,28
04-02-99,29
05-02-99,30
08-02-99,30
09-02-99,31
10-02-99,30
11-02-99,27
12-02-99,30
16-02-99,30
17-02-99,31
18-02-99,30
19-02-99,29
22-02-99,26
23-02-99,26
24-02-99,27
25-02-99,28
26-02-99,28
01-03-99,28
02-03-99,29
03-03-99,29
04-03-99,27
05-03-99,24
08-03-99,25
09-03-99,25
10-03-99,25
11-03-99,24
12-03-99,25
15-03-99,25
16-03-99,25
17-03-99,26
18-03-99,24
19-03-99,24
22-03-99,25
23-03-99,27
24-03-99,27
25-03-99,24
26-03-99,24
29-03-99,24
30-03-99,23
31-03-99,23
01-04-99,22
05-04-99,22
06-04-99,23
07-04-99,23
08-04-99,23
09-04-99,22
12-04-99,22
13-04-99,23
14-04-99,25
15-04-99,24
16-04-99,24
19-04-99,26
20-04-99,25
21-04-99,23
22-04-99,23
23-04-99,23
26-04-99,24
27-04-99,23
28-04-99,24
29-04-99,25
30-04-99,25
03-05-99,24
04-05-99,26
05-05-99,25
06-05-99,27
07-05-99,25
10-05-99,27
11-05-99,26
12-05-99,26
13-05-99,25
14-05-99,27
17-05-99,27
18-05-99,27
19-05-99,25
20-05-99,24
21-05-99,24
24-05-99,28
25-05-99,29
26-05-99,28
27-05-99,28
28-05-99,25
01-06-99,27
02-06-99,26
03-06-99,26
04-06-99,23
07-06-99,24
08-06-99,24
09-06-99,24
10-06-99,25
11-06-99,26
14-06-99,27
15-06-99,26
16-06-99,22
17-06-99,22
18-06-99,22
21-06-99,22
22-06-99,22
23-06-99,21
24-06-99,23
25-06-99,22
28-06-99,23
29-06-99,23
30-06-99,21
01-07-99,20
02-07-99,19
06-07-99,21
07-07-99,20
08-07-99,20
09-07-99,18
12-07-99,20
13-07-99,20
14-07-99,20
15-07-99,19
16-07-99,17
19-07-99,19
20-07-99,22
21-07-99,21
22-07-99,23
23-07-99,23
26-07-99,25
27-07-99,23
28-07-99,23
29-07-99,25
30-07-99,25
02-08-99,26
03-08-99,26
04-08-99,27
05-08-99,27
06-08-99,27
09-08-99,28
10-08-99,28
11-08-99,25
12-08-99,25
13-08-99,22
16-08-99,23
17-08-99,22
18-08-99,23
19-08-99,24
20-08-99,23
23-08-99,23
24-08-99,22
25-08-99,21
26-08-99,21
27-08-99,22
30-08-99,25
31-08-99,24
01-09-99,23
02-09-99,25
03-09-99,21
07-09-99,23
08-09-99,24
09-09-99,23
10-09-99,22
13-09-99,23
14-09-99,24
15-09-99,25
16-09-99,25
17-09-99,23
20-09-99,24
21-09-99,26
22-09-99,25
23-09-99,28
24-09-99,28
27-09-99,26
28-09-99,26
29-09-99,26
30-09-99,25
01-10-99,25
04-10-99,24
05-10-99,25
06-10-99,22
07-10-99,24
08-10-99,20
11-10-99,21
12-10-99,23
13-10-99,26
14-10-99,26
15-10-99,29
18-10-99,28
19-10-99,27
20-10-99,24
21-10-99,24
22-10-99,22
25-10-99,24
26-10-99,24
27-10-99,24
28-10-99,21
29-10-99,22
01-11-99,22
02-11-99,23
03-11-99,23
04-11-99,23
05-11-99,22
08-11-99,22
09-11-99,23
10-11-99,22
11-11-99,22
12-11-99,22
15-11-99,23
16-11-99,21
17-11-99,21
18-11-99,20
19-11-99,19
22-11-99,20
23-11-99,21
24-11-99,20
26-11-99,22
29-11-99,24
30-11-99,24
01-12-99,22
02-12-99,22
03-12-99,19
06-12-99,21
07-12-99,21
08-12-99,21
09-12-99,21
10-12-99,21
13-12-99,22
14-12-99,23
15-12-99,22
16-12-99,22
17-12-99,21
20-12-99,24
21-12-99,23
22-12-99,22
23-12-99,21
27-12-99,23
28-12-99,23
29-12-99,23
30-12-99,25
31-12-99,25
03-01-00,24
04-01-00,27
05-01-00,26
06-01-00,26
07-01-00,22
10-01-00,22
11-01-00,23
12-01-00,23
13-01-00,22
14-01-00,20
18-01-00,22
19-01-00,22
20-01-00,22
21-01-00,21
24-01-00,24
25-01-00,23
26-01-00,23
27-01-00,24
28-01-00,26
31-01-00,25
01-02-00,23
02-02-00,23
03-02-00,22
04-02-00,22
07-02-00,23
08-02-00,21
09-02-00,23
10-02-00,23
11-02-00,24
14-02-00,24
15-02-00,23
16-02-00,24
17-02-00,23
18-02-00,26
22-02-00,26
23-02-00,24
24-02-00,24
25-02-00,25
28-02-00,25
29-02-00,23
01-03-00,22
02-03-00,21
03-03-00,19
06-03-00,22
07-03-00,24
08-03-00,24
09-03-00,22
10-03-00,21
13-03-00,23
14-03-00,24
15-03-00,22
16-03-00,21
17-03-00,22
20-03-00,23
21-03-00,22
22-03-00,21
23-03-00,22
24-03-00,23
27-03-00,25
28-03-00,25
29-03-00,24
30-03-00,25
31-03-00,24
03-04-00,24
04-04-00,27
05-04-00,28
06-04-00,27
07-04-00,24
10-04-00,26
11-04-00,27
12-04-00,29
13-04-00,29
14-04-00,33
17-04-00,29
18-04-00,26
19-04-00,27
20-04-00,26
24-04-00,27
25-04-00,25
26-04-00,27
27-04-00,26
28-04-00,26
01-05-00,26
02-05-00,29
03-05-00,32
04-05-00,31
05-05-00,28
08-05-00,28
09-05-00,29
10-05-00,30
11-05-00,28
12-05-00,26
15-05-00,25
16-05-00,24
17-05-00,24
18-05-00,24
19-05-00,25
22-05-00,26
23-05-00,26
24-05-00,24
25-05-00,25
26-05-00,24
30-05-00,24
31-05-00,24
01-06-00,22
02-06-00,21
05-06-00,23
06-06-00,23
07-06-00,22
08-06-00,23
09-06-00,22
12-06-00,22
13-06-00,22
14-06-00,21
15-06-00,21
16-06-00,21
19-06-00,21
20-06-00,21
21-06-00,21
22-06-00,22
23-06-00,22
26-06-00,22
27-06-00,22
28-06-00,20
29-06-00,20
30-06-00,20
03-07-00,20
05-07-00,21
06-07-00,21
07-07-00,19
10-07-00,20
11-07-00,20
12-07-00,20
13-07-00,20
14-07-00,19
17-07-00,19
18-07-00,20
19-07-00,20
20-07-00,19
21-07-00,19
24-07-00,20
25-07-00,19
26-07-00,20
27-07-00,20
28-07-00,21
31-07-00,21
01-08-00,21
02-08-00,20
03-08-00,20
04-08-00,19
07-08-00,19
08-08-00,19
09-08-00,19
10-08-00,19
11-08-00,19
14-08-00,18
15-08-00,18
16-08-00,18
17-08-00,17
18-08-00,17
21-08-00,17
22-08-00,17
23-08-00,17
24-08-00,17
25-08-00,17
28-08-00,17
29-08-00,17
30-08-00,18
31-08-00,17
01-09-00,18
05-09-00,20
06-09-00,21
07-09-00,19
08-09-00,18
11-09-00,18
12-09-00,19
13-09-00,18
14-09-00,18
15-09-00,19
18-09-00,20
19-09-00,20
20-09-00,20
21-09-00,20
22-09-00,21
25-09-00,21
26-09-00,22
27-09-00,22
28-09-00,19
29-09-00,21
02-10-00,21
03-10-00,22
04-10-00,22
05-10-00,21
06-10-00,23
09-10-00,24
10-10-00,25
11-10-00,27
12-10-00,31
13-10-00,28
16-10-00,27
17-10-00,28
18-10-00,29
19-10-00,25
20-10-00,24
23-10-00,25
24-10-00,24
25-10-00,27
26-10-00,29
27-10-00,26
30-10-00,25
31-10-00,24
01-11-00,24
02-11-00,24
03-11-00,24
06-11-00,25
07-11-00,25
08-11-00,26
09-11-00,27
10-11-00,29
13-11-00,29
14-11-00,27
15-11-00,26
16-11-00,25
17-11-00,25
20-11-00,27
21-11-00,27
22-11-00,28
24-11-00,26
27-11-00,27
28-11-00,28
29-11-00,27
30-11-00,30
01-12-00,27
04-12-00,28
05-12-00,25
06-12-00,25
07-12-00,25
08-12-00,22
11-12-00,24
12-12-00,25
13-12-00,24
14-12-00,25
15-12-00,27
18-12-00,28
19-12-00,27
20-12-00,32
21-12-00,30
22-12-00,28
26-12-00,29
27-12-00,28
28-12-00,27
29-12-00,27
02-01-01,30
03-01-01,27
04-01-01,27
05-01-01,29
08-01-01,30
09-01-01,28
10-01-01,27
11-01-01,26
12-01-01,25
16-01-01,25
17-01-01,25
18-01-01,23
19-01-01,23
22-01-01,23
23-01-01,22
24-01-01,22
25-01-01,23
26-01-01,23
29-01-01,23
30-01-01,23
31-01-01,22
01-02-01,22
02-02-01,22
05-02-01,22
06-02-01,22
07-02-01,22
08-02-01,21
09-02-01,22
12-02-01,22
13-02-01,21
14-02-01,22
15-02-01,20
16-02-01,22
20-02-01,25
21-02-01,26
22-02-01,27
23-02-01,27
26-02-01,25
27-02-01,26
28-02-01,28
01-03-01,28
02-03-01,27
05-03-01,27
06-03-01,26
07-03-01,24
08-03-01,24
09-03-01,26
12-03-01,30
13-03-01,28
14-03-01,30
15-03-01,29
16-03-01,30
19-03-01,30
20-03-01,31
21-03-01,32
22-03-01,33
23-03-01,30
26-03-01,29
27-03-01,27
28-03-01,29
29-03-01,29
30-03-01,29
02-04-01,31
03-04-01,35
04-04-01,34
05-04-01,30
06-04-01,32
09-04-01,32
10-04-01,29
11-04-01,28
12-04-01,26
16-04-01,26
17-04-01,26
18-04-01,24
19-04-01,24
20-04-01,25
23-04-01,28
24-04-01,28
25-04-01,27
26-04-01,26
27-04-01,24
30-04-01,25
01-05-01,24
02-05-01,24
03-05-01,26
04-05-01,24
07-05-01,25
08-05-01,24
09-05-01,24
10-05-01,24
11-05-01,24
14-05-01,24
15-05-01,24
16-05-01,22
17-05-01,21
18-05-01,21
21-05-01,21
22-05-01,21
23-05-01,22
24-05-01,21
25-05-01,21
29-05-01,22
30-05-01,23
31-05-01,23
01-06-01,22
04-06-01,21
05-06-01,20
06-06-01,20
07-06-01,20
08-06-01,20
11-06-01,21
12-06-01,21
13-06-01,21
14-06-01,23
15-06-01,23
18-06-01,23
19-06-01,22
20-06-01,22
21-06-01,19
22-06-01,20
25-06-01,21
26-06-01,21
27-06-01,21
28-06-01,20
29-06-01,19
02-07-01,19
03-07-01,19
05-07-01,20
06-07-01,22
09-07-01,22
10-07-01,23
11-07-01,24
12-07-01,22
13-07-01,21
16-07-01,23
17-07-01,23
18-07-01,24
19-07-01,23
20-07-01,22
23-07-01,24
24-07-01,25
25-07-01,24
26-07-01,23
27-07-01,22
30-07-01,23
31-07-01,22
01-08-01,21
02-08-01,20
03-08-01,20
06-08-01,22
07-08-01,21
08-08-01,22
09-08-01,22
10-08-01,21
13-08-01,20
14-08-01,20
15-08-01,21
16-08-01,22
17-08-01,24
20-08-01,23
21-08-01,24
22-08-01,22
23-08-01,22
24-08-01,20
27-08-01,21
28-08-01,22
29-08-01,23
30-08-01,25
31-08-01,25
04-09-01,26
05-09-01,26
06-09-01,29
07-09-01,31
10-09-01,32
17-09-01,42
18-09-01,39
19-09-01,41
20-09-01,44
21-09-01,43
24-09-01,38
25-09-01,36
26-09-01,35
27-09-01,34
28-09-01,32
01-10-01,32
02-10-01,31
03-10-01,31
04-10-01,32
05-10-01,33
08-10-01,35
09-10-01,35
10-10-01,32
11-10-01,32
12-10-01,35
15-10-01,35
16-10-01,33
17-10-01,35
18-10-01,35
19-10-01,34
22-10-01,32
23-10-01,32
24-10-01,31
25-10-01,29
26-10-01,28
29-10-01,32
30-10-01,33
31-10-01,34
01-11-01,32
02-11-01,31
05-11-01,31
06-11-01,29
07-11-01,29
08-11-01,29
09-11-01,27
12-11-01,29
13-11-01,26
14-11-01,27
15-11-01,26
16-11-01,25
19-11-01,24
20-11-01,24
21-11-01,24
23-11-01,23
26-11-01,24
27-11-01,24
28-11-01,26
29-11-01,25
30-11-01,24
03-12-01,26
04-12-01,24
05-12-01,23
06-12-01,24
07-12-01,23
10-12-01,26
11-12-01,25
12-12-01,25
13-12-01,26
14-12-01,25
17-12-01,24
18-12-01,23
19-12-01,23
20-12-01,24
21-12-01,23
24-12-01,23
26-12-01,22
27-12-01,22
28-12-01,21
31-12-01,24
02-01-02,23
03-01-02,21
04-01-02,20
07-01-02,22
08-01-02,22
09-01-02,22
10-01-02,22
11-01-02,23
14-01-02,24
15-01-02,23
16-01-02,23
17-01-02,22
18-01-02,23
22-01-02,24
23-01-02,22
24-01-02,21
25-01-02,21
28-01-02,21
29-01-02,24
30-01-02,23
31-01-02,21
01-02-02,21
04-02-02,25
05-02-02,25
06-02-02,26
07-02-02,25
08-02-02,23
11-02-02,22
12-02-02,22
13-02-02,21
14-02-02,22
15-02-02,22
19-02-02,24
20-02-02,23
21-02-02,24
22-02-02,23
25-02-02,22
26-02-02,22
27-02-02,21
28-02-02,22
01-03-02,20
04-03-02,21
05-03-02,20
06-03-02,20
07-03-02,20
08-03-02,19
11-03-02,20
12-03-02,20
13-03-02,19
14-03-02,19
15-03-02,18
18-03-02,19
19-03-02,18
20-03-02,18
21-03-02,18
22-03-02,18
25-03-02,18
26-03-02,18
27-03-02,18
28-03-02,17
01-04-02,19
02-04-02,19
03-04-02,20
04-04-02,20
05-04-02,19
08-04-02,20
09-04-02,19
10-04-02,18
11-04-02,20
12-04-02,19
15-04-02,20
16-04-02,18
17-04-02,18
18-04-02,19
19-04-02,18
22-04-02,20
23-04-02,20
24-04-02,21
25-04-02,21
26-04-02,22
29-04-02,24
30-04-02,22
01-05-02,20
02-05-02,20
03-05-02,20
06-05-02,23
07-05-02,22
08-05-02,20
09-05-02,22
10-05-02,22
13-05-02,21
14-05-02,19
15-05-02,19
16-05-02,19
17-05-02,18
20-05-02,19
21-05-02,20
22-05-02,20
23-05-02,18
24-05-02,19
28-05-02,20
29-05-02,20
30-05-02,21
31-05-02,20
03-06-02,23
04-06-02,24
05-06-02,23
06-06-02,24
07-06-02,24
10-06-02,24
11-06-02,24
12-06-02,24
13-06-02,25
14-06-02,26
17-06-02,25
18-06-02,24
19-06-02,26
20-06-02,27
21-06-02,27
24-06-02,27
25-06-02,28
26-06-02,28
27-06-02,26
28-06-02,25
01-07-02,27
02-07-02,29
03-07-02,29
05-07-02,27
08-07-02,28
09-07-02,30
10-07-02,34
11-07-02,34
12-07-02,33
15-07-02,35
16-07-02,37
17-07-02,35
18-07-02,35
19-07-02,38
22-07-02,42
23-07-02,45
24-07-02,40
25-07-02,39
26-07-02,36
29-07-02,31
30-07-02,32
31-07-02,32
01-08-02,37
02-08-02,41
05-08-02,45
06-08-02,42
07-08-02,39
08-08-02,36
09-08-02,35
12-08-02,37
13-08-02,36
14-08-02,32
15-08-02,29
16-08-02,29
19-08-02,29
20-08-02,30
21-08-02,28
22-08-02,28
23-08-02,29
26-08-02,30
27-08-02,30
28-08-02,33
29-08-02,34
30-08-02,33
03-09-02,40
04-09-02,37
05-09-02,39
06-09-02,36
09-09-02,36
10-09-02,35
11-09-02,35
12-09-02,38
13-09-02,36
16-09-02,37
17-09-02,38
18-09-02,38
19-09-02,41
20-09-02,39
23-09-02,40
24-09-02,41
25-09-02,37
26-09-02,35
27-09-02,37
30-09-02,40
01-10-02,34
02-10-02,37
03-10-02,37
04-10-02,39
07-10-02,43
08-10-02,41
09-10-02,42
10-10-02,38
11-10-02,36
14-10-02,36
15-10-02,34
16-10-02,36
17-10-02,34
18-10-02,34
21-10-02,33
22-10-02,34
23-10-02,33
24-10-02,34
25-10-02,30
28-10-02,31
29-10-02,32
30-10-02,31
31-10-02,31
01-11-02,29
04-11-02,31
05-11-02,31
06-11-02,31
07-11-02,31
08-11-02,29
11-11-02,31
12-11-02,31
13-11-02,31
14-11-02,29
15-11-02,27
18-11-02,28
19-11-02,27
20-11-02,25
21-11-02,24
22-11-02,23
25-11-02,24
26-11-02,26
27-11-02,27
29-11-02,28
02-12-02,27
03-12-02,28
04-12-02,29
05-12-02,30
06-12-02,29
09-12-02,31
10-12-02,29
11-12-02,28
12-12-02,27
13-12-02,28
16-12-02,26
17-12-02,27
18-12-02,28
19-12-02,30
20-12-02,27
23-12-02,26
24-12-02,26
26-12-02,27
27-12-02,30
30-12-02,30
31-12-02,29
02-01-03,25
03-01-03,25
06-01-03,25
07-01-03,25
08-01-03,26
09-01-03,24
10-01-03,24
13-01-03,25
14-01-03,25
15-01-03,26
16-01-03,25
17-01-03,26
21-01-03,28
22-01-03,29
23-01-03,28
24-01-03,32
27-01-03,35
28-01-03,32
29-01-03,31
30-01-03,31
31-01-03,31
03-02-03,31
04-02-03,33
05-02-03,33
06-02-03,33
07-02-03,34
10-02-03,34
11-02-03,34
12-02-03,34
13-02-03,34
14-02-03,33
18-02-03,31
19-02-03,31
20-02-03,31
21-02-03,30
24-02-03,32
25-02-03,32
26-02-03,32
27-02-03,31
28-02-03,30
03-03-03,30
04-03-03,32
05-03-03,30
06-03-03,31
07-03-03,31
10-03-03,33
11-03-03,34
12-03-03,34
13-03-03,32
14-03-03,31
17-03-03,32
18-03-03,30
19-03-03,32
20-03-03,30
21-03-03,29
24-03-03,30
25-03-03,29
26-03-03,28
27-03-03,28
28-03-03,28
31-03-03,29
01-04-03,28
02-04-03,28
03-04-03,28
04-04-03,29
07-04-03,28
08-04-03,27
09-04-03,27
10-04-03,26
11-04-03,24
14-04-03,23
15-04-03,23
16-04-03,23
17-04-03,22
21-04-03,22
22-04-03,21
23-04-03,21
24-04-03,20
25-04-03,21
28-04-03,21
29-04-03,21
30-04-03,21
01-05-03,22
02-05-03,21
05-05-03,21
06-05-03,21
07-05-03,21
08-05-03,21
09-05-03,20
12-05-03,20
13-05-03,20
14-05-03,20
15-05-03,19
16-05-03,18
19-05-03,21
20-05-03,21
21-05-03,21
22-05-03,20
23-05-03,19
27-05-03,20
28-05-03,20
29-05-03,20
30-05-03,19
02-06-03,21
03-06-03,21
04-06-03,21
05-06-03,21
06-06-03,21
09-06-03,22
10-06-03,21
11-06-03,20
12-06-03,20
13-06-03,21
16-06-03,20
17-06-03,20
18-06-03,20
19-06-03,20
20-06-03,19
23-06-03,21
24-06-03,21
25-06-03,21
26-06-03,19
27-06-03,19
30-06-03,20
01-07-03,19
02-07-03,19
03-07-03,19
07-07-03,20
08-07-03,19
09-07-03,19
10-07-03,19
11-07-03,18
14-07-03,20
15-07-03,20
16-07-03,20
17-07-03,20
18-07-03,19
21-07-03,20
22-07-03,19
23-07-03,19
24-07-03,19
25-07-03,18
28-07-03,18
29-07-03,19
30-07-03,19
31-07-03,19
01-08-03,21
04-08-03,21
05-08-03,23
06-08-03,22
07-08-03,20
08-08-03,20
11-08-03,20
12-08-03,18
13-08-03,19
14-08-03,18
15-08-03,18
18-08-03,18
19-08-03,18
20-08-03,18
21-08-03,18
22-08-03,19
25-08-03,20
26-08-03,19
27-08-03,19
28-08-03,18
29-08-03,19
02-09-03,19
03-09-03,19
04-09-03,19
05-09-03,18
08-09-03,18
09-09-03,19
10-09-03,20
11-09-03,19
12-09-03,19
15-09-03,19
16-09-03,18
17-09-03,18
18-09-03,18
19-09-03,18
22-09-03,20
23-09-03,19
24-09-03,21
25-09-03,22
26-09-03,22
29-09-03,22
30-09-03,23
01-10-03,21
02-10-03,21
03-10-03,20
06-10-03,20
07-10-03,19
08-10-03,19
09-10-03,19
10-10-03,18
13-10-03,18
14-10-03,17
15-10-03,18
16-10-03,17
17-10-03,18
20-10-03,17
21-10-03,17
22-10-03,18
23-10-03,18
24-10-03,18
27-10-03,18
28-10-03,17
29-10-03,16
30-10-03,16
31-10-03,16
03-11-03,17
04-11-03,17
05-11-03,17
06-11-03,17
07-11-03,17
10-11-03,18
11-11-03,18
12-11-03,17
13-11-03,16
14-11-03,17
17-11-03,19
18-11-03,19
19-11-03,19
20-11-03,19
21-11-03,19
24-11-03,17
25-11-03,17
26-11-03,16
28-11-03,16
01-12-03,17
02-12-03,16
03-12-03,17
04-12-03,16
05-12-03,17
08-12-03,17
09-12-03,18
10-12-03,18
11-12-03,17
12-12-03,16
15-12-03,17
16-12-03,16
17-12-03,16
18-12-03,16
19-12-03,16
22-12-03,17
23-12-03,16
24-12-03,17
26-12-03,17
29-12-03,17
30-12-03,18
31-12-03,18
02-01-04,18
05-01-04,17
06-01-04,17
07-01-04,16
08-01-04,16
09-01-04,17
12-01-04,17
13-01-04,18
14-01-04,17
15-01-04,16
16-01-04,15
20-01-04,15
21-01-04,14
22-01-04,15
23-01-04,15
26-01-04,15
27-01-04,15
28-01-04,17
29-01-04,17
30-01-04,17
02-02-04,17
03-02-04,17
04-02-04,18
05-02-04,18
06-02-04,16
09-02-04,16
10-02-04,16
11-02-04,15
12-02-04,15
13-02-04,16
17-02-04,15
18-02-04,16
19-02-04,16
20-02-04,16
23-02-04,16
24-02-04,16
25-02-04,15
26-02-04,15
27-02-04,15
01-03-04,14
02-03-04,15
03-03-04,15
04-03-04,14
05-03-04,14
08-03-04,16
09-03-04,17
10-03-04,19
11-03-04,21
12-03-04,18
15-03-04,21
16-03-04,20
17-03-04,18
18-03-04,19
19-03-04,19
22-03-04,22
23-03-04,21
24-03-04,20
25-03-04,18
26-03-04,17
29-03-04,17
30-03-04,16
31-03-04,17
01-04-04,17
02-04-04,16
05-04-04,15
06-04-04,15
07-04-04,16
08-04-04,16
12-04-04,15
13-04-04,17
14-04-04,16
15-04-04,16
16-04-04,15
19-04-04,15
20-04-04,17
21-04-04,16
22-04-04,15
23-04-04,14
26-04-04,15
27-04-04,15
28-04-04,16
29-04-04,17
30-04-04,17
03-05-04,17
04-05-04,17
05-05-04,16
06-05-04,17
07-05-04,18
10-05-04,20
11-05-04,19
12-05-04,18
13-05-04,19
14-05-04,18
17-05-04,20
18-05-04,19
19-05-04,19
20-05-04,19
21-05-04,18
24-05-04,18
25-05-04,16
26-05-04,16
27-05-04,15
28-05-04,16
01-06-04,16
02-06-04,16
03-06-04,17
04-06-04,17
07-06-04,15
08-06-04,15
09-06-04,15
10-06-04,15
14-06-04,16
15-06-04,15
16-06-04,15
17-06-04,15
18-06-04,15
21-06-04,15
22-06-04,14
23-06-04,14
24-06-04,15
25-06-04,15
28-06-04,16
29-06-04,15
30-06-04,14
01-07-04,15
02-07-04,15
06-07-04,16
07-07-04,16
08-07-04,16
09-07-04,16
12-07-04,15
13-07-04,14
14-07-04,14
15-07-04,15
16-07-04,14
19-07-04,15
20-07-04,14
21-07-04,16
22-07-04,16
23-07-04,17
26-07-04,17
27-07-04,17
28-07-04,16
29-07-04,16
30-07-04,15
02-08-04,15
03-08-04,16
04-08-04,16
05-08-04,18
06-08-04,19
09-08-04,19
10-08-04,17
11-08-04,18
12-08-04,19
13-08-04,18
16-08-04,18
17-08-04,17
18-08-04,16
19-08-04,17
20-08-04,16
23-08-04,16
24-08-04,15
25-08-04,15
26-08-04,15
27-08-04,15
30-08-04,15
31-08-04,15
01-09-04,15
02-09-04,14
03-09-04,14
07-09-04,14
08-09-04,14
09-09-04,14
10-09-04,14
13-09-04,13
14-09-04,14
15-09-04,15
16-09-04,14
17-09-04,14
20-09-04,14
21-09-04,14
22-09-04,15
23-09-04,15
24-09-04,14
27-09-04,15
28-09-04,14
29-09-04,13
30-09-04,13
01-10-04,13
04-10-04,13
05-10-04,14
06-10-04,13
07-10-04,15
08-10-04,15
11-10-04,15
12-10-04,15
13-10-04,15
14-10-04,16
15-10-04,15
18-10-04,15
19-10-04,15
20-10-04,15
21-10-04,15
22-10-04,15
25-10-04,17
26-10-04,16
27-10-04,16
28-10-04,15
29-10-04,16
01-11-04,16
02-11-04,16
03-11-04,14
04-11-04,14
05-11-04,14
08-11-04,14
09-11-04,14
10-11-04,13
11-11-04,13
12-11-04,13
15-11-04,13
16-11-04,13
17-11-04,13
18-11-04,13
19-11-04,14
22-11-04,13
23-11-04,13
24-11-04,13
26-11-04,13
29-11-04,13
30-11-04,13
01-12-04,13
02-12-04,13
03-12-04,13
06-12-04,13
07-12-04,14
08-12-04,13
09-12-04,13
10-12-04,13
13-12-04,13
14-12-04,13
15-12-04,12
16-12-04,12
17-12-04,12
20-12-04,12
21-12-04,12
22-12-04,11
23-12-04,11
27-12-04,12
28-12-04,12
29-12-04,12
30-12-04,13
31-12-04,13
03-01-05,14
04-01-05,14
05-01-05,14
06-01-05,14
07-01-05,13
10-01-05,13
11-01-05,13
12-01-05,13
13-01-05,13
14-01-05,12
18-01-05,12
19-01-05,13
20-01-05,14
21-01-05,14
24-01-05,15
25-01-05,14
26-01-05,13
27-01-05,13
28-01-05,13
31-01-05,13
01-02-05,12
02-02-05,12
03-02-05,12
04-02-05,11
07-02-05,12
08-02-05,12
09-02-05,12
10-02-05,12
11-02-05,11
14-02-05,12
15-02-05,11
16-02-05,11
17-02-05,12
18-02-05,11
22-02-05,13
23-02-05,12
24-02-05,12
25-02-05,11
28-02-05,12
01-03-05,12
02-03-05,13
03-03-05,13
04-03-05,12
07-03-05,12
08-03-05,12
09-03-05,13
10-03-05,12
11-03-05,13
14-03-05,12
15-03-05,13
16-03-05,13
17-03-05,13
18-03-05,13
21-03-05,14
22-03-05,14
23-03-05,14
24-03-05,13
28-03-05,14
29-03-05,14
30-03-05,14
31-03-05,14
01-04-05,14
04-04-05,14
05-04-05,14
06-04-05,13
07-04-05,12
08-04-05,13
11-04-05,12
12-04-05,11
13-04-05,13
14-04-05,15
15-04-05,18
18-04-05,17
19-04-05,15
20-04-05,17
21-04-05,14
22-04-05,15
25-04-05,15
26-04-05,15
27-04-05,15
28-04-05,17
29-04-05,15
02-05-05,15
03-05-05,15
04-05-05,14
05-05-05,14
06-05-05,14
09-05-05,14
10-05-05,15
11-05-05,14
12-05-05,16
13-05-05,16
16-05-05,16
17-05-05,15
18-05-05,14
19-05-05,13
20-05-05,13
23-05-05,13
24-05-05,13
25-05-05,13
26-05-05,12
27-05-05,12
31-05-05,13
01-06-05,12
02-06-05,12
03-06-05,12
06-06-05,12
07-06-05,12
08-06-05,13
09-06-05,12
10-06-05,12
13-06-05,12
14-06-05,12
15-06-05,11
16-06-05,11
17-06-05,11
20-06-05,11
21-06-05,11
22-06-05,11
23-06-05,12
24-06-05,12
27-06-05,13
28-06-05,12
29-06-05,12
30-06-05,12
01-07-05,11
05-07-05,12
06-07-05,12
07-07-05,12
08-07-05,11
11-07-05,11
12-07-05,11
13-07-05,11
14-07-05,11
15-07-05,10
18-07-05,11
19-07-05,10
20-07-05,10
21-07-05,11
22-07-05,11
25-07-05,11
26-07-05,11
27-07-05,10
28-07-05,11
29-07-05,12
01-08-05,12
02-08-05,12
03-08-05,12
04-08-05,13
05-08-05,12
08-08-05,13
09-08-05,12
10-08-05,12
11-08-05,12
12-08-05,13
15-08-05,12
16-08-05,14
17-08-05,13
18-08-05,13
19-08-05,13
22-08-05,13
23-08-05,13
24-08-05,14
25-08-05,14
26-08-05,14
29-08-05,14
30-08-05,14
31-08-05,13
01-09-05,13
02-09-05,14
06-09-05,13
07-09-05,13
08-09-05,13
09-09-05,12
12-09-05,12
13-09-05,12
14-09-05,13
15-09-05,12
16-09-05,11
19-09-05,12
20-09-05,13
21-09-05,14
22-09-05,13
23-09-05,13
26-09-05,13
27-09-05,13
28-09-05,13
29-09-05,12
30-09-05,12
03-10-05,12
04-10-05,13
05-10-05,15
06-10-05,15
07-10-05,15
10-10-05,16
11-10-05,16
12-10-05,16
13-10-05,16
14-10-05,15
17-10-05,15
18-10-05,15
19-10-05,14
20-10-05,16
21-10-05,16
24-10-05,15
25-10-05,15
26-10-05,15
27-10-05,16
28-10-05,14
31-10-05,15
01-11-05,15
02-11-05,13
03-11-05,13
04-11-05,13
07-11-05,13
08-11-05,13
09-11-05,13
10-11-05,12
11-11-05,12
14-11-05,12
15-11-05,12
16-11-05,12
17-11-05,11
18-11-05,11
21-11-05,11
22-11-05,11
23-11-05,11
25-11-05,11
28-11-05,12
29-11-05,12
30-11-05,12
01-12-05,11
02-12-05,11
05-12-05,12
06-12-05,12
07-12-05,12
08-12-05,12
09-12-05,12
12-12-05,11
13-12-05,11
14-12-05,10
15-12-05,11
16-12-05,11
19-12-05,11
20-12-05,11
21-12-05,11
22-12-05,10
23-12-05,10
27-12-05,12
28-12-05,11
29-12-05,12
30-12-05,12
03-01-06,11
04-01-06,11
05-01-06,11
06-01-06,11
09-01-06,11
10-01-06,11
11-01-06,11
12-01-06,11
13-01-06,11
17-01-06,12
18-01-06,12
19-01-06,12
20-01-06,15
23-01-06,14
24-01-06,13
25-01-06,13
26-01-06,12
27-01-06,12
30-01-06,12
31-01-06,13
01-02-06,12
02-02-06,13
03-02-06,13
06-02-06,13
07-02-06,14
08-02-06,13
09-02-06,13
10-02-06,13
13-02-06,13
14-02-06,12
15-02-06,12
16-02-06,11
17-02-06,12
21-02-06,12
22-02-06,12
23-02-06,12
24-02-06,11
27-02-06,12
28-02-06,12
01-03-06,12
02-03-06,12
03-03-06,12
06-03-06,13
07-03-06,13
08-03-06,12
09-03-06,13
10-03-06,12
13-03-06,11
14-03-06,11
15-03-06,11
16-03-06,12
17-03-06,12
20-03-06,12
21-03-06,12
22-03-06,11
23-03-06,11
24-03-06,11
27-03-06,11
28-03-06,12
29-03-06,11
30-03-06,12
31-03-06,11
03-04-06,12
04-04-06,11
05-04-06,11
06-04-06,11
07-04-06,12
10-04-06,12
11-04-06,13
12-04-06,13
13-04-06,12
17-04-06,13
18-04-06,11
19-04-06,11
20-04-06,12
21-04-06,12
24-04-06,12
25-04-06,12
26-04-06,12
27-04-06,12
28-04-06,12
01-05-06,13
02-05-06,12
03-05-06,12
04-05-06,12
05-05-06,12
08-05-06,12
09-05-06,12
10-05-06,12
11-05-06,12
12-05-06,14
15-05-06,14
16-05-06,13
17-05-06,16
18-05-06,17
19-05-06,17
22-05-06,18
23-05-06,18
24-05-06,17
25-05-06,16
26-05-06,14
30-05-06,19
31-05-06,16
01-06-06,15
02-06-06,14
05-06-06,17
06-06-06,17
07-06-06,18
08-06-06,18
09-06-06,18
12-06-06,21
13-06-06,24
14-06-06,21
15-06-06,16
16-06-06,17
19-06-06,18
20-06-06,17
21-06-06,16
22-06-06,16
23-06-06,16
26-06-06,16
27-06-06,16
28-06-06,16
29-06-06,13
30-06-06,13
03-07-06,13
05-07-06,14
06-07-06,14
07-07-06,14
10-07-06,14
11-07-06,13
12-07-06,14
13-07-06,18
14-07-06,18
17-07-06,19
18-07-06,18
19-07-06,16
20-07-06,16
21-07-06,17
24-07-06,15
25-07-06,15
26-07-06,15
27-07-06,15
28-07-06,14
31-07-06,15
01-08-06,15
02-08-06,14
03-08-06,14
04-08-06,14
07-08-06,15
08-08-06,15
09-08-06,15
10-08-06,14
11-08-06,14
14-08-06,14
15-08-06,13
16-08-06,12
17-08-06,12
18-08-06,12
21-08-06,12
22-08-06,12
23-08-06,12
24-08-06,12
25-08-06,12
28-08-06,12
29-08-06,12
30-08-06,12
31-08-06,12
01-09-06,12
05-09-06,13
06-09-06,14
07-09-06,14
08-09-06,13
11-09-06,13
12-09-06,12
13-09-06,11
14-09-06,12
15-09-06,12
18-09-06,12
19-09-06,12
20-09-06,11
21-09-06,12
22-09-06,13
25-09-06,12
26-09-06,12
27-09-06,12
28-09-06,12
29-09-06,12
02-10-06,13
03-10-06,12
04-10-06,12
05-10-06,12
06-10-06,12
09-10-06,12
10-10-06,12
11-10-06,12
12-10-06,11
13-10-06,11
16-10-06,11
17-10-06,12
18-10-06,11
19-10-06,11
20-10-06,11
23-10-06,11
24-10-06,11
25-10-06,11
26-10-06,11
27-10-06,11
30-10-06,11
31-10-06,11
01-11-06,12
02-11-06,11
03-11-06,11
06-11-06,11
07-11-06,11
08-11-06,11
09-11-06,11
10-11-06,11
13-11-06,11
14-11-06,11
15-11-06,10
16-11-06,10
17-11-06,10
20-11-06,10
21-11-06,10
22-11-06,10
24-11-06,11
27-11-06,12
28-11-06,12
29-11-06,11
30-11-06,11
01-12-06,12
04-12-06,11
05-12-06,11
06-12-06,11
07-12-06,13
08-12-06,12
11-12-06,11
12-12-06,11
13-12-06,10
14-12-06,10
15-12-06,10
18-12-06,11
19-12-06,10
20-12-06,10
21-12-06,11
22-12-06,11
26-12-06,11
27-12-06,11
28-12-06,11
29-12-06,12
03-01-07,12
04-01-07,12
05-01-07,12
08-01-07,12
09-01-07,12
10-01-07,11
11-01-07,11
12-01-07,10
16-01-07,11
17-01-07,11
18-01-07,11
19-01-07,10
22-01-07,11
23-01-07,10
24-01-07,10
25-01-07,11
26-01-07,11
29-01-07,11
30-01-07,11
31-01-07,10
01-02-07,10
02-02-07,10
05-02-07,11
06-02-07,11
07-02-07,10
08-02-07,10
09-02-07,11
12-02-07,12
13-02-07,10
14-02-07,10
15-02-07,10
16-02-07,10
20-02-07,10
21-02-07,10
22-02-07,10
23-02-07,11
26-02-07,11
27-02-07,18
28-02-07,15
01-03-07,16
02-03-07,19
05-03-07,20
06-03-07,16
07-03-07,15
08-03-07,14
09-03-07,14
12-03-07,14
13-03-07,18
14-03-07,17
15-03-07,16
16-03-07,17
19-03-07,15
20-03-07,13
21-03-07,12
22-03-07,13
23-03-07,13
26-03-07,13
27-03-07,13
28-03-07,15
29-03-07,15
30-03-07,15
02-04-07,15
03-04-07,13
04-04-07,13
05-04-07,13
09-04-07,13
10-04-07,13
11-04-07,13
12-04-07,13
13-04-07,12
16-04-07,12
17-04-07,12
18-04-07,12
19-04-07,13
20-04-07,12
23-04-07,13
24-04-07,13
25-04-07,13
26-04-07,13
27-04-07,12
30-04-07,14
01-05-07,14
02-05-07,13
03-05-07,13
04-05-07,13
07-05-07,13
08-05-07,13
09-05-07,13
10-05-07,14
11-05-07,13
14-05-07,14
15-05-07,14
16-05-07,14
17-05-07,14
18-05-07,13
21-05-07,13
22-05-07,13
23-05-07,13
24-05-07,14
25-05-07,13
29-05-07,14
30-05-07,13
31-05-07,13
01-06-07,13
04-06-07,13
05-06-07,14
06-06-07,15
07-06-07,17
08-06-07,15
11-06-07,15
12-06-07,17
13-06-07,15
14-06-07,14
15-06-07,14
18-06-07,13
19-06-07,13
20-06-07,15
21-06-07,14
22-06-07,16
25-06-07,17
26-06-07,19
27-06-07,16
28-06-07,16
29-06-07,16
02-07-07,15
03-07-07,15
05-07-07,15
06-07-07,15
09-07-07,15
10-07-07,18
11-07-07,17
12-07-07,16
13-07-07,15
16-07-07,16
17-07-07,16
18-07-07,16
19-07-07,15
20-07-07,17
23-07-07,17
24-07-07,19
25-07-07,18
26-07-07,21
27-07-07,24
30-07-07,21
31-07-07,24
01-08-07,24
02-08-07,21
03-08-07,25
06-08-07,23
07-08-07,22
08-08-07,21
09-08-07,26
10-08-07,28
13-08-07,27
14-08-07,28
15-08-07,31
16-08-07,31
17-08-07,30
20-08-07,26
21-08-07,25
22-08-07,23
23-08-07,23
24-08-07,21
27-08-07,23
28-08-07,26
29-08-07,24
30-08-07,25
31-08-07,23
04-09-07,23
05-09-07,25
06-09-07,24
07-09-07,26
10-09-07,27
11-09-07,25
12-09-07,25
13-09-07,25
14-09-07,25
17-09-07,26
18-09-07,20
19-09-07,20
20-09-07,20
21-09-07,19
24-09-07,19
25-09-07,19
26-09-07,18
27-09-07,17
28-09-07,18
01-10-07,18
02-10-07,18
03-10-07,19
04-10-07,18
05-10-07,17
08-10-07,17
09-10-07,16
10-10-07,17
11-10-07,19
12-10-07,18
15-10-07,19
16-10-07,20
17-10-07,19
18-10-07,19
19-10-07,23
22-10-07,22
23-10-07,20
24-10-07,21
25-10-07,21
26-10-07,20
29-10-07,20
30-10-07,21
31-10-07,19
01-11-07,23
02-11-07,23
05-11-07,24
06-11-07,21
07-11-07,26
08-11-07,26
09-11-07,29
12-11-07,31
13-11-07,24
14-11-07,26
15-11-07,28
16-11-07,25
19-11-07,26
20-11-07,25
21-11-07,27
23-11-07,26
26-11-07,29
27-11-07,26
28-11-07,24
29-11-07,24
30-11-07,23
03-12-07,24
04-12-07,24
05-12-07,23
06-12-07,21
07-12-07,21
10-12-07,21
11-12-07,24
12-12-07,22
13-12-07,23
14-12-07,23
17-12-07,25
18-12-07,23
19-12-07,22
20-12-07,21
21-12-07,18
24-12-07,19
26-12-07,19
27-12-07,20
28-12-07,21
31-12-07,23
02-01-08,23
03-01-08,22
04-01-08,24
07-01-08,24
08-01-08,25
09-01-08,24
10-01-08,23
11-01-08,24
14-01-08,23
15-01-08,23
16-01-08,24
17-01-08,28
18-01-08,27
22-01-08,31
23-01-08,29
24-01-08,28
25-01-08,29
28-01-08,28
29-01-08,27
30-01-08,28
31-01-08,26
01-02-08,24
04-02-08,26
05-02-08,28
06-02-08,29
07-02-08,28
08-02-08,28
11-02-08,28
12-02-08,26
13-02-08,25
14-02-08,26
15-02-08,25
19-02-08,26
20-02-08,24
21-02-08,25
22-02-08,24
25-02-08,23
26-02-08,22
27-02-08,23
28-02-08,24
29-02-08,27
03-03-08,26
04-03-08,26
05-03-08,25
06-03-08,28
07-03-08,27
10-03-08,29
11-03-08,26
12-03-08,27
13-03-08,27
14-03-08,31
17-03-08,32
18-03-08,26
19-03-08,30
20-03-08,27
24-03-08,26
25-03-08,26
26-03-08,26
27-03-08,26
28-03-08,26
31-03-08,26
01-04-08,23
02-04-08,23
03-04-08,23
04-04-08,22
07-04-08,22
08-04-08,22
09-04-08,23
10-04-08,22
11-04-08,23
14-04-08,24
15-04-08,23
16-04-08,21
17-04-08,20
18-04-08,20
21-04-08,21
22-04-08,21
23-04-08,20
24-04-08,20
25-04-08,20
28-04-08,20
29-04-08,20
30-04-08,21
01-05-08,19
02-05-08,18
05-05-08,19
06-05-08,18
07-05-08,20
08-05-08,19
09-05-08,19
12-05-08,18
13-05-08,18
14-05-08,18
15-05-08,16
16-05-08,16
19-05-08,17
20-05-08,18
21-05-08,19
22-05-08,18
23-05-08,20
27-05-08,20
28-05-08,19
29-05-08,18
30-05-08,18
02-06-08,20
03-06-08,20
04-06-08,21
05-06-08,19
06-06-08,24
09-06-08,23
10-06-08,23
11-06-08,24
12-06-08,23
13-06-08,21
16-06-08,21
17-06-08,21
18-06-08,22
19-06-08,22
20-06-08,23
23-06-08,23
24-06-08,22
25-06-08,21
26-06-08,24
27-06-08,23
30-06-08,24
01-07-08,24
02-07-08,26
03-07-08,25
07-07-08,26
08-07-08,23
09-07-08,25
10-07-08,26
11-07-08,27
14-07-08,28
15-07-08,29
16-07-08,25
17-07-08,25
18-07-08,24
21-07-08,23
22-07-08,21
23-07-08,21
24-07-08,23
25-07-08,23
28-07-08,24
29-07-08,22
30-07-08,21
31-07-08,23
01-08-08,23
04-08-08,23
05-08-08,21
06-08-08,20
07-08-08,21
08-08-08,21
11-08-08,20
12-08-08,21
13-08-08,22
14-08-08,20
15-08-08,20
18-08-08,21
19-08-08,21
20-08-08,20
21-08-08,20
22-08-08,19
25-08-08,21
26-08-08,20
27-08-08,20
28-08-08,19
29-08-08,21
02-09-08,22
03-09-08,21
04-09-08,24
05-09-08,23
08-09-08,23
09-09-08,25
10-09-08,25
11-09-08,24
12-09-08,26
15-09-08,32
16-09-08,30
17-09-08,36
18-09-08,33
19-09-08,32
22-09-08,34
23-09-08,36
24-09-08,35
25-09-08,33
26-09-08,35
29-09-08,47
30-09-08,39
01-10-08,40
02-10-08,45
03-10-08,45
06-10-08,52
07-10-08,54
08-10-08,58
09-10-08,64
10-10-08,70
13-10-08,55
14-10-08,55
15-10-08,69
16-10-08,68
17-10-08,70
20-10-08,53
21-10-08,53
22-10-08,70
23-10-08,68
24-10-08,79
27-10-08,80
28-10-08,67
29-10-08,70
30-10-08,63
31-10-08,60
03-11-08,54
04-11-08,48
05-11-08,55
06-11-08,64
07-11-08,56
10-11-08,60
11-11-08,61
12-11-08,66
13-11-08,60
14-11-08,66
17-11-08,69
18-11-08,68
19-11-08,74
20-11-08,81
21-11-08,73
24-11-08,65
25-11-08,61
26-11-08,55
28-11-08,55
01-12-08,69
02-12-08,63
03-12-08,61
04-12-08,64
05-12-08,60
08-12-08,58
09-12-08,59
10-12-08,56
11-12-08,56
12-12-08,54
15-12-08,57
16-12-08,52
17-12-08,50
18-12-08,47
19-12-08,45
22-12-08,45
23-12-08,45
24-12-08,44
26-12-08,43
29-12-08,44
30-12-08,42
31-12-08,40
02-01-09,39
05-01-09,39
06-01-09,39
07-01-09,43
08-01-09,43
09-01-09,43
12-01-09,46
13-01-09,43
14-01-09,49
15-01-09,51
16-01-09,46
20-01-09,57
21-01-09,46
22-01-09,47
23-01-09,47
26-01-09,46
27-01-09,42
28-01-09,40
29-01-09,43
30-01-09,45
02-02-09,46
03-02-09,43
04-02-09,44
05-02-09,44
06-02-09,43
09-02-09,44
10-02-09,47
11-02-09,45
12-02-09,41
13-02-09,43
17-02-09,49
18-02-09,48
19-02-09,47
20-02-09,49
23-02-09,53
24-02-09,45
25-02-09,45
26-02-09,45
27-02-09,46
02-03-09,53
03-03-09,51
04-03-09,48
05-03-09,50
06-03-09,49
09-03-09,50
10-03-09,44
11-03-09,44
12-03-09,41
13-03-09,42
16-03-09,44
17-03-09,41
18-03-09,40
19-03-09,44
20-03-09,46
23-03-09,43
24-03-09,43
25-03-09,42
26-03-09,40
27-03-09,41
30-03-09,46
31-03-09,44
01-04-09,42
02-04-09,42
03-04-09,40
06-04-09,41
07-04-09,40
08-04-09,39
09-04-09,37
13-04-09,38
14-04-09,38
15-04-09,36
16-04-09,36
17-04-09,34
20-04-09,39
21-04-09,37
22-04-09,38
23-04-09,37
24-04-09,37
27-04-09,38
28-04-09,38
29-04-09,36
30-04-09,37
01-05-09,35
04-05-09,35
05-05-09,33
06-05-09,32
07-05-09,33
08-05-09,32
11-05-09,33
12-05-09,32
13-05-09,34
14-05-09,31
15-05-09,33
18-05-09,30
19-05-09,29
20-05-09,29
21-05-09,31
22-05-09,33
26-05-09,31
27-05-09,32
28-05-09,32
29-05-09,29
01-06-09,30
02-06-09,30
03-06-09,31
04-06-09,30
05-06-09,30
08-06-09,30
09-06-09,28
10-06-09,28
11-06-09,28
12-06-09,28
15-06-09,31
16-06-09,33
17-06-09,32
18-06-09,30
19-06-09,28
22-06-09,31
23-06-09,31
24-06-09,29
25-06-09,26
26-06-09,26
29-06-09,25
30-06-09,26
01-07-09,26
02-07-09,28
06-07-09,29
07-07-09,31
08-07-09,31
09-07-09,30
10-07-09,29
13-07-09,26
14-07-09,25
15-07-09,26
16-07-09,25
17-07-09,24
20-07-09,24
21-07-09,24
22-07-09,23
23-07-09,23
24-07-09,23
27-07-09,24
28-07-09,25
29-07-09,26
30-07-09,25
31-07-09,26
03-08-09,26
04-08-09,25
05-08-09,25
06-08-09,26
07-08-09,25
10-08-09,25
11-08-09,26
12-08-09,25
13-08-09,25
14-08-09,24
17-08-09,28
18-08-09,26
19-08-09,26
20-08-09,25
21-08-09,25
24-08-09,25
25-08-09,25
26-08-09,25
27-08-09,25
28-08-09,25
31-08-09,26
01-09-09,29
02-09-09,29
03-09-09,27
04-09-09,25
08-09-09,26
09-09-09,24
10-09-09,24
11-09-09,24
14-09-09,24
15-09-09,23
16-09-09,24
17-09-09,24
18-09-09,24
21-09-09,24
22-09-09,23
23-09-09,23
24-09-09,25
25-09-09,26
28-09-09,25
29-09-09,25
30-09-09,26
01-10-09,28
02-10-09,29
05-10-09,27
06-10-09,26
07-10-09,25
08-10-09,24
09-10-09,23
12-10-09,23
13-10-09,23
14-10-09,23
15-10-09,22
16-10-09,21
19-10-09,21
20-10-09,21
21-10-09,22
22-10-09,21
23-10-09,22
26-10-09,24
27-10-09,25
28-10-09,28
29-10-09,25
30-10-09,31
02-11-09,30
03-11-09,29
04-11-09,28
05-11-09,25
06-11-09,24
09-11-09,23
10-11-09,23
11-11-09,23
12-11-09,24
13-11-09,23
16-11-09,23
17-11-09,22
18-11-09,22
19-11-09,23
20-11-09,22
23-11-09,21
24-11-09,20
25-11-09,20
27-11-09,25
30-11-09,25
01-12-09,22
02-12-09,21
03-12-09,22
04-12-09,21
07-12-09,22
08-12-09,24
09-12-09,23
10-12-09,22
11-12-09,22
14-12-09,21
15-12-09,21
16-12-09,21
17-12-09,23
18-12-09,22
21-12-09,20
22-12-09,20
23-12-09,20
24-12-09,19
28-12-09,20
29-12-09,20
30-12-09,20
31-12-09,22
04-01-10,20
05-01-10,19
06-01-10,19
07-01-10,19
08-01-10,18
11-01-10,18
12-01-10,18
13-01-10,18
14-01-10,18
15-01-10,18
19-01-10,18
20-01-10,19
21-01-10,22
22-01-10,27
25-01-10,25
26-01-10,25
27-01-10,23
28-01-10,24
29-01-10,25
01-02-10,23
02-02-10,21
03-02-10,22
04-02-10,26
05-02-10,26
08-02-10,27
09-02-10,26
10-02-10,25
11-02-10,24
12-02-10,23
16-02-10,22
17-02-10,22
18-02-10,21
19-02-10,20
22-02-10,20
23-02-10,21
24-02-10,20
25-02-10,20
26-02-10,20
01-03-10,19
02-03-10,19
03-03-10,19
04-03-10,19
05-03-10,17
08-03-10,18
09-03-10,18
10-03-10,19
11-03-10,18
12-03-10,18
15-03-10,18
16-03-10,18
17-03-10,17
18-03-10,17
19-03-10,17
22-03-10,17
23-03-10,16
24-03-10,18
25-03-10,18
26-03-10,18
29-03-10,18
30-03-10,17
31-03-10,18
01-04-10,17
05-04-10,17
06-04-10,16
07-04-10,17
08-04-10,16
09-04-10,16
12-04-10,16
13-04-10,16
14-04-10,16
15-04-10,16
16-04-10,18
19-04-10,17
20-04-10,16
21-04-10,16
22-04-10,16
23-04-10,17
26-04-10,17
27-04-10,23
28-04-10,21
29-04-10,18
30-04-10,22
03-05-10,20
04-05-10,24
05-05-10,25
06-05-10,33
07-05-10,41
10-05-10,29
11-05-10,28
12-05-10,26
13-05-10,27
14-05-10,31
17-05-10,31
18-05-10,34
19-05-10,35
20-05-10,46
21-05-10,40
24-05-10,38
25-05-10,35
26-05-10,35
27-05-10,30
28-05-10,32
01-06-10,36
02-06-10,30
03-06-10,29
04-06-10,35
07-06-10,37
08-06-10,34
09-06-10,34
10-06-10,31
11-06-10,29
14-06-10,29
15-06-10,26
16-06-10,26
17-06-10,25
18-06-10,24
21-06-10,25
22-06-10,27
23-06-10,27
24-06-10,30
25-06-10,29
28-06-10,29
29-06-10,34
30-06-10,35
01-07-10,33
02-07-10,30
06-07-10,30
07-07-10,27
08-07-10,26
09-07-10,25
12-07-10,24
13-07-10,25
14-07-10,25
15-07-10,25
16-07-10,26
19-07-10,26
20-07-10,24
21-07-10,26
22-07-10,25
23-07-10,23
26-07-10,23
27-07-10,23
28-07-10,24
29-07-10,24
30-07-10,24
02-08-10,22
03-08-10,23
04-08-10,22
05-08-10,22
06-08-10,22
09-08-10,22
10-08-10,22
11-08-10,25
12-08-10,26
13-08-10,26
16-08-10,26
17-08-10,24
18-08-10,25
19-08-10,26
20-08-10,25
23-08-10,26
24-08-10,27
25-08-10,27
26-08-10,27
27-08-10,24
30-08-10,27
31-08-10,26
01-09-10,24
02-09-10,23
03-09-10,21
07-09-10,24
08-09-10,23
09-09-10,23
10-09-10,22
13-09-10,21
14-09-10,22
15-09-10,22
16-09-10,22
17-09-10,22
20-09-10,22
21-09-10,22
22-09-10,23
23-09-10,24
24-09-10,22
27-09-10,23
28-09-10,23
29-09-10,23
30-09-10,24
01-10-10,23
04-10-10,24
05-10-10,22
06-10-10,21
07-10-10,22
08-10-10,21
11-10-10,19
12-10-10,19
13-10-10,19
14-10-10,20
15-10-10,19
18-10-10,19
19-10-10,21
20-10-10,20
21-10-10,19
22-10-10,19
25-10-10,20
26-10-10,20
27-10-10,21
28-10-10,21
29-10-10,21
01-11-10,22
02-11-10,22
03-11-10,20
04-11-10,19
05-11-10,18
08-11-10,18
09-11-10,19
10-11-10,18
11-11-10,19
12-11-10,21
15-11-10,20
16-11-10,23
17-11-10,22
18-11-10,19
19-11-10,18
22-11-10,18
23-11-10,21
24-11-10,20
26-11-10,22
29-11-10,22
30-11-10,24
01-12-10,21
02-12-10,19
03-12-10,18
06-12-10,18
07-12-10,18
08-12-10,18
09-12-10,17
10-12-10,18
13-12-10,18
14-12-10,18
15-12-10,18
16-12-10,17
17-12-10,16
20-12-10,16
21-12-10,16
22-12-10,15
23-12-10,16
27-12-10,18
28-12-10,18
29-12-10,17
30-12-10,18
31-12-10,18
03-01-11,18
04-01-11,17
05-01-11,17
06-01-11,17
07-01-11,17
10-01-11,18
11-01-11,17
12-01-11,16
13-01-11,16
14-01-11,15
18-01-11,16
19-01-11,17
20-01-11,18
21-01-11,18
24-01-11,18
25-01-11,18
26-01-11,17
27-01-11,16
28-01-11,20
31-01-11,20
01-02-11,18
02-02-11,17
03-02-11,17
04-02-11,16
07-02-11,16
08-02-11,16
09-02-11,16
10-02-11,16
11-02-11,16
14-02-11,16
15-02-11,16
16-02-11,17
17-02-11,17
18-02-11,16
22-02-11,21
23-02-11,22
24-02-11,21
25-02-11,19
28-02-11,18
01-03-11,21
02-03-11,21
03-03-11,19
04-03-11,19
07-03-11,21
08-03-11,20
09-03-11,20
10-03-11,22
11-03-11,20
14-03-11,21
15-03-11,24
16-03-11,29
17-03-11,26
18-03-11,24
21-03-11,21
22-03-11,20
23-03-11,19
24-03-11,18
25-03-11,18
28-03-11,19
29-03-11,18
30-03-11,18
31-03-11,18
01-04-11,17
04-04-11,18
05-04-11,17
06-04-11,17
07-04-11,17
08-04-11,18
11-04-11,17
12-04-11,17
13-04-11,17
14-04-11,16
15-04-11,15
18-04-11,17
19-04-11,16
20-04-11,15
21-04-11,15
25-04-11,16
26-04-11,16
27-04-11,15
28-04-11,15
29-04-11,15
02-05-11,16
03-05-11,17
04-05-11,17
05-05-11,18
06-05-11,18
09-05-11,17
10-05-11,16
11-05-11,17
12-05-11,16
13-05-11,17
16-05-11,18
17-05-11,18
18-05-11,16
19-05-11,16
20-05-11,17
23-05-11,18
24-05-11,18
25-05-11,17
26-05-11,16
27-05-11,16
31-05-11,15
01-06-11,18
02-06-11,18
03-06-11,18
06-06-11,18
07-06-11,18
08-06-11,19
09-06-11,18
10-06-11,19
13-06-11,20
14-06-11,18
15-06-11,21
16-06-11,23
17-06-11,22
20-06-11,20
21-06-11,19
22-06-11,19
23-06-11,19
24-06-11,21
27-06-11,21
28-06-11,19
29-06-11,17
30-06-11,17
01-07-11,16
05-07-11,16
06-07-11,16
07-07-11,16
08-07-11,16
11-07-11,18
12-07-11,20
13-07-11,20
14-07-11,21
15-07-11,20
18-07-11,21
19-07-11,19
20-07-11,19
21-07-11,18
22-07-11,18
25-07-11,19
26-07-11,20
27-07-11,23
28-07-11,24
29-07-11,25
01-08-11,24
02-08-11,25
03-08-11,23
04-08-11,32
05-08-11,32
08-08-11,48
09-08-11,35
10-08-11,43
11-08-11,39
12-08-11,36
15-08-11,32
16-08-11,33
17-08-11,32
18-08-11,43
19-08-11,43
22-08-11,42
23-08-11,36
24-08-11,36
25-08-11,40
26-08-11,36
29-08-11,32
30-08-11,33
31-08-11,32
01-09-11,32
02-09-11,34
06-09-11,37
07-09-11,33
08-09-11,34
09-09-11,39
12-09-11,39
13-09-11,37
14-09-11,35
15-09-11,32
16-09-11,31
19-09-11,33
20-09-11,33
21-09-11,37
22-09-11,41
23-09-11,41
26-09-11,39
27-09-11,38
28-09-11,41
29-09-11,39
30-09-11,43
03-10-11,45
04-10-11,41
05-10-11,38
06-10-11,36
07-10-11,36
10-10-11,33
11-10-11,33
12-10-11,31
13-10-11,31
14-10-11,28
17-10-11,33
18-10-11,32
19-10-11,34
20-10-11,35
21-10-11,31
24-10-11,29
25-10-11,32
26-10-11,30
27-10-11,25
28-10-11,25
31-10-11,30
01-11-11,35
02-11-11,33
03-11-11,31
04-11-11,30
07-11-11,30
08-11-11,27
09-11-11,36
10-11-11,33
11-11-11,30
14-11-11,31
15-11-11,31
16-11-11,34
17-11-11,35
18-11-11,32
21-11-11,33
22-11-11,32
23-11-11,34
25-11-11,34
28-11-11,32
29-11-11,31
30-11-11,28
01-12-11,27
02-12-11,28
05-12-11,28
06-12-11,28
07-12-11,29
08-12-11,31
09-12-11,26
12-12-11,26
13-12-11,25
14-12-11,26
15-12-11,25
16-12-11,24
19-12-11,25
20-12-11,23
21-12-11,21
22-12-11,21
23-12-11,21
27-12-11,22
28-12-11,24
29-12-11,23
30-12-11,23
03-01-12,23
04-01-12,22
05-01-12,21
06-01-12,21
09-01-12,21
10-01-12,21
11-01-12,21
12-01-12,20
13-01-12,21
17-01-12,22
18-01-12,21
19-01-12,20
20-01-12,18
23-01-12,19
24-01-12,19
25-01-12,18
26-01-12,19
27-01-12,19
30-01-12,19
31-01-12,19
01-02-12,19
02-02-12,18
03-02-12,17
06-02-12,18
07-02-12,18
08-02-12,18
09-02-12,19
10-02-12,21
13-02-12,19
14-02-12,20
15-02-12,21
16-02-12,19
17-02-12,18
21-02-12,18
22-02-12,18
23-02-12,17
24-02-12,17
27-02-12,18
28-02-12,18
29-02-12,18
01-03-12,17
02-03-12,17
05-03-12,18
06-03-12,21
07-03-12,19
08-03-12,18
09-03-12,17
12-03-12,16
13-03-12,15
14-03-12,15
15-03-12,15
16-03-12,14
19-03-12,15
20-03-12,16
21-03-12,15
22-03-12,16
23-03-12,15
26-03-12,14
27-03-12,16
28-03-12,15
29-03-12,15
30-03-12,16
02-04-12,16
03-04-12,16
04-04-12,16
05-04-12,17
09-04-12,19
10-04-12,20
11-04-12,20
12-04-12,17
13-04-12,20
16-04-12,20
17-04-12,18
18-04-12,19
19-04-12,18
20-04-12,17
23-04-12,19
24-04-12,18
25-04-12,17
26-04-12,16
27-04-12,16
30-04-12,17
01-05-12,17
02-05-12,17
03-05-12,18
04-05-12,19
07-05-12,19
08-05-12,19
09-05-12,20
10-05-12,19
11-05-12,20
14-05-12,22
15-05-12,22
16-05-12,22
17-05-12,24
18-05-12,25
21-05-12,22
22-05-12,22
23-05-12,22
24-05-12,22
25-05-12,22
29-05-12,21
30-05-12,24
31-05-12,24
01-06-12,27
04-06-12,26
05-06-12,25
06-06-12,22
07-06-12,22
08-06-12,21
11-06-12,24
12-06-12,22
13-06-12,24
14-06-12,22
15-06-12,21
18-06-12,18
19-06-12,18
20-06-12,17
21-06-12,20
22-06-12,18
25-06-12,20
26-06-12,20
27-06-12,19
28-06-12,20
29-06-12,17
02-07-12,17
03-07-12,17
05-07-12,18
06-07-12,17
09-07-12,18
10-07-12,19
11-07-12,18
12-07-12,18
13-07-12,17
16-07-12,17
17-07-12,16
18-07-12,16
19-07-12,15
20-07-12,16
23-07-12,19
24-07-12,20
25-07-12,19
26-07-12,18
27-07-12,17
30-07-12,18
31-07-12,19
01-08-12,19
02-08-12,18
03-08-12,16
06-08-12,16
07-08-12,16
08-08-12,15
09-08-12,15
10-08-12,15
13-08-12,14
14-08-12,15
15-08-12,15
16-08-12,14
17-08-12,13
20-08-12,14
21-08-12,15
22-08-12,15
23-08-12,16
24-08-12,15
27-08-12,16
28-08-12,16
29-08-12,17
30-08-12,18
31-08-12,17
04-09-12,18
05-09-12,18
06-09-12,16
07-09-12,14
10-09-12,16
11-09-12,16
12-09-12,16
13-09-12,14
14-09-12,15
17-09-12,15
18-09-12,14
19-09-12,14
20-09-12,14
21-09-12,14
24-09-12,14
25-09-12,15
26-09-12,17
27-09-12,15
28-09-12,16
01-10-12,16
02-10-12,16
03-10-12,15
04-10-12,15
05-10-12,14
08-10-12,15
09-10-12,16
10-10-12,16
11-10-12,16
12-10-12,16
15-10-12,15
16-10-12,15
17-10-12,15
18-10-12,15
19-10-12,17
22-10-12,17
23-10-12,19
24-10-12,18
25-10-12,18
26-10-12,18
31-10-12,19
01-11-12,17
02-11-12,18
05-11-12,18
06-11-12,18
07-11-12,19
08-11-12,18
09-11-12,19
12-11-12,17
13-11-12,17
14-11-12,18
15-11-12,18
16-11-12,16
19-11-12,15
20-11-12,15
21-11-12,15
23-11-12,15
26-11-12,16
27-11-12,16
28-11-12,16
29-11-12,15
30-11-12,16
03-12-12,17
04-12-12,17
05-12-12,16
06-12-12,17
07-12-12,16
10-12-12,16
11-12-12,16
12-12-12,16
13-12-12,17
14-12-12,17
17-12-12,16
18-12-12,16
19-12-12,17
20-12-12,18
21-12-12,18
24-12-12,18
26-12-12,19
27-12-12,19
28-12-12,23
31-12-12,18
02-01-13,15
03-01-13,15
04-01-13,14
07-01-13,14
08-01-13,14
09-01-13,14
10-01-13,13
11-01-13,13
14-01-13,14
15-01-13,14
16-01-13,13
17-01-13,14
18-01-13,12
22-01-13,12
23-01-13,12
24-01-13,13
25-01-13,13
28-01-13,14
29-01-13,13
30-01-13,14
31-01-13,14
01-02-13,13
04-02-13,15
05-02-13,14
06-02-13,13
07-02-13,14
08-02-13,13
11-02-13,13
12-02-13,13
13-02-13,13
14-02-13,13
15-02-13,12
19-02-13,12
20-02-13,15
21-02-13,15
22-02-13,14
25-02-13,19
26-02-13,17
27-02-13,15
28-02-13,16
01-03-13,15
04-03-13,14
05-03-13,13
06-03-13,14
07-03-13,13
08-03-13,13
11-03-13,12
12-03-13,12
13-03-13,12
14-03-13,11
15-03-13,11
18-03-13,13
19-03-13,14
20-03-13,13
21-03-13,14
22-03-13,14
25-03-13,14
26-03-13,13
27-03-13,13
28-03-13,13
01-04-13,14
02-04-13,13
03-04-13,14
04-04-13,14
05-04-13,14
08-04-13,13
09-04-13,13
10-04-13,12
11-04-13,12
12-04-13,12
15-04-13,17
16-04-13,14
17-04-13,17
18-04-13,18
19-04-13,15
22-04-13,14
23-04-13,13
24-04-13,14
25-04-13,14
26-04-13,14
29-04-13,14
30-04-13,14
01-05-13,14
02-05-13,14
03-05-13,13
06-05-13,13
07-05-13,13
08-05-13,13
09-05-13,13
10-05-13,13
13-05-13,13
14-05-13,13
15-05-13,13
16-05-13,13
17-05-13,12
20-05-13,13
21-05-13,13
22-05-13,14
23-05-13,14
24-05-13,14
28-05-13,14
29-05-13,15
30-05-13,15
31-05-13,16
03-06-13,16
04-06-13,16
05-06-13,18
06-06-13,17
07-06-13,15
10-06-13,15
11-06-13,17
12-06-13,19
13-06-13,16
14-06-13,17
17-06-13,17
18-06-13,17
19-06-13,17
20-06-13,20
21-06-13,19
24-06-13,20
25-06-13,18
26-06-13,17
27-06-13,17
28-06-13,17
01-07-13,16
02-07-13,16
03-07-13,16
05-07-13,15
08-07-13,15
09-07-13,14
10-07-13,14
11-07-13,14
12-07-13,14
15-07-13,14
16-07-13,14
17-07-13,14
18-07-13,14
19-07-13,13
22-07-13,12
23-07-13,13
24-07-13,13
25-07-13,13
26-07-13,13
29-07-13,13
30-07-13,13
31-07-13,13
01-08-13,13
02-08-13,12
05-08-13,12
06-08-13,13
07-08-13,13
08-08-13,13
09-08-13,13
12-08-13,13
13-08-13,12
14-08-13,13
15-08-13,15
16-08-13,14
19-08-13,15
20-08-13,15
21-08-13,16
22-08-13,15
23-08-13,14
26-08-13,15
27-08-13,17
28-08-13,16
29-08-13,17
30-08-13,17
03-09-13,17
04-09-13,16
05-09-13,16
06-09-13,16
09-09-13,16
10-09-13,15
11-09-13,14
12-09-13,14
13-09-13,14
16-09-13,14
17-09-13,15
18-09-13,14
19-09-13,13
20-09-13,13
23-09-13,14
24-09-13,14
25-09-13,14
26-09-13,14
27-09-13,15
30-09-13,17
01-10-13,16
02-10-13,17
03-10-13,18
04-10-13,17
07-10-13,19
08-10-13,20
09-10-13,20
10-10-13,16
11-10-13,16
14-10-13,16
15-10-13,19
16-10-13,15
17-10-13,13
18-10-13,13
21-10-13,13
22-10-13,13
23-10-13,13
24-10-13,13
25-10-13,13
28-10-13,13
29-10-13,13
30-10-13,14
31-10-13,14
01-11-13,13
04-11-13,13
05-11-13,13
06-11-13,13
07-11-13,14
08-11-13,13
11-11-13,13
12-11-13,13
13-11-13,13
14-11-13,12
15-11-13,12
18-11-13,13
19-11-13,13
20-11-13,13
21-11-13,13
22-11-13,12
25-11-13,13
26-11-13,13
27-11-13,13
29-11-13,14
02-12-13,14
03-12-13,15
04-12-13,15
05-12-13,15
06-12-13,14
09-12-13,13
10-12-13,14
11-12-13,15
12-12-13,16
13-12-13,16
16-12-13,16
17-12-13,16
18-12-13,14
19-12-13,14
20-12-13,14
23-12-13,13
24-12-13,12
26-12-13,12
27-12-13,12
30-12-13,14
31-12-13,14
02-01-14,14
03-01-14,14
06-01-14,14
07-01-14,13
08-01-14,13
09-01-14,13
10-01-14,12
13-01-14,13
14-01-14,12
15-01-14,12
16-01-14,13
17-01-14,12
21-01-14,13
22-01-14,13
23-01-14,14
24-01-14,18
27-01-14,17
28-01-14,16
29-01-14,17
30-01-14,17
31-01-14,18
03-02-14,21
04-02-14,19
05-02-14,20
06-02-14,17
07-02-14,15
10-02-14,15
11-02-14,15
12-02-14,14
13-02-14,14
14-02-14,14
18-02-14,14
19-02-14,16
20-02-14,15
21-02-14,15
24-02-14,14
25-02-14,14
26-02-14,14
27-02-14,14
28-02-14,14
03-03-14,16
04-03-14,14
05-03-14,14
06-03-14,14
07-03-14,14
10-03-14,14
11-03-14,15
12-03-14,14
13-03-14,16
14-03-14,18
17-03-14,16
18-03-14,15
19-03-14,15
20-03-14,15
21-03-14,15
24-03-14,15
25-03-14,14
26-03-14,15
27-03-14,15
28-03-14,14
31-03-14,14
01-04-14,13
02-04-14,13
03-04-14,13
04-04-14,14
07-04-14,16
08-04-14,15
09-04-14,14
10-04-14,16
11-04-14,17
14-04-14,16
15-04-14,16
16-04-14,14
17-04-14,13
21-04-14,13
22-04-14,13
23-04-14,13
24-04-14,13
25-04-14,14
28-04-14,14
29-04-14,14
30-04-14,13
01-05-14,13
02-05-14,13
05-05-14,13
06-05-14,14
07-05-14,13
08-05-14,13
09-05-14,13
12-05-14,12
13-05-14,12
14-05-14,12
15-05-14,13
16-05-14,12
19-05-14,12
20-05-14,13
21-05-14,12
22-05-14,12
23-05-14,11
27-05-14,12
28-05-14,12
29-05-14,12
30-05-14,11
02-06-14,12
03-06-14,12
04-06-14,12
05-06-14,12
06-06-14,11
09-06-14,11
10-06-14,11
11-06-14,12
12-06-14,13
13-06-14,12
16-06-14,13
17-06-14,12
18-06-14,11
19-06-14,11
20-06-14,11
23-06-14,11
24-06-14,12
25-06-14,12
26-06-14,12
27-06-14,11
30-06-14,12
01-07-14,11
02-07-14,11
03-07-14,10
07-07-14,11
08-07-14,12
09-07-14,12
10-07-14,13
11-07-14,12
14-07-14,12
15-07-14,12
16-07-14,11
17-07-14,15
18-07-14,12
21-07-14,13
22-07-14,12
23-07-14,12
24-07-14,12
25-07-14,13
28-07-14,13
29-07-14,13
30-07-14,13
31-07-14,17
01-08-14,17
04-08-14,15
05-08-14,17
06-08-14,16
07-08-14,17
08-08-14,16
11-08-14,14
12-08-14,14
13-08-14,13
14-08-14,12
15-08-14,13
18-08-14,12
19-08-14,12
20-08-14,12
21-08-14,12
22-08-14,11
25-08-14,12
26-08-14,12
27-08-14,12
28-08-14,12
29-08-14,12
02-09-14,12
03-09-14,12
04-09-14,13
05-09-14,12
08-09-14,13
09-09-14,14
10-09-14,13
11-09-14,13
12-09-14,13
15-09-14,14
16-09-14,13
17-09-14,13
18-09-14,12
19-09-14,12
22-09-14,14
23-09-14,15
24-09-14,13
25-09-14,16
26-09-14,15
29-09-14,16
30-09-14,16
01-10-14,17
02-10-14,16
03-10-14,15
06-10-14,15
07-10-14,17
08-10-14,15
09-10-14,19
10-10-14,21
13-10-14,25
14-10-14,23
15-10-14,25
16-10-14,25
17-10-14,22
20-10-14,19
21-10-14,16
22-10-14,18
23-10-14,17
24-10-14,16
27-10-14,16
28-10-14,14
29-10-14,15
30-10-14,15
31-10-14,14
03-11-14,15
04-11-14,15
05-11-14,14
06-11-14,14
07-11-14,13
10-11-14,13
11-11-14,13
12-11-14,13
13-11-14,14
14-11-14,13
17-11-14,14
18-11-14,14
19-11-14,14
20-11-14,14
21-11-14,13
24-11-14,13
25-11-14,12
26-11-14,12
28-11-14,13
01-12-14,14
02-12-14,13
03-12-14,13
04-12-14,12
05-12-14,12
08-12-14,14
09-12-14,15
10-12-14,19
11-12-14,20
12-12-14,21
15-12-14,20
16-12-14,24
17-12-14,19
18-12-14,17
19-12-14,16
22-12-14,15
23-12-14,15
24-12-14,14
26-12-14,15
29-12-14,15
30-12-14,16
31-12-14,19
02-01-15,18
05-01-15,20
06-01-15,21
07-01-15,19
08-01-15,17
09-01-15,18
12-01-15,20
13-01-15,21
14-01-15,21
15-01-15,22
16-01-15,21
20-01-15,20
21-01-15,19
22-01-15,16
23-01-15,17
26-01-15,16
27-01-15,17
28-01-15,20
29-01-15,19
30-01-15,21
02-02-15,19
03-02-15,17
04-02-15,18
05-02-15,17
06-02-15,17
09-02-15,19
10-02-15,17
11-02-15,17
12-02-15,15
13-02-15,15
17-02-15,16
18-02-15,15
19-02-15,15
20-02-15,14
23-02-15,15
24-02-15,14
25-02-15,14
26-02-15,14
27-02-15,13
02-03-15,13
03-03-15,14
04-03-15,14
05-03-15,14
06-03-15,15
09-03-15,15
10-03-15,17
11-03-15,17
12-03-15,15
13-03-15,16
16-03-15,16
17-03-15,16
18-03-15,14
19-03-15,14
20-03-15,13
23-03-15,13
24-03-15,14
25-03-15,15
26-03-15,16
27-03-15,15
30-03-15,15
31-03-15,15
01-04-15,15
02-04-15,15
06-04-15,15
07-04-15,15
08-04-15,14
09-04-15,13
10-04-15,13
13-04-15,14
14-04-15,14
15-04-15,13
16-04-15,13
17-04-15,14
20-04-15,13
21-04-15,13
22-04-15,13
23-04-15,12
24-04-15,12
27-04-15,13
28-04-15,12
29-04-15,13
30-04-15,15
01-05-15,13
04-05-15,13
05-05-15,14
06-05-15,15
07-05-15,15
08-05-15,13
11-05-15,14
12-05-15,14
13-05-15,14
14-05-15,13
15-05-15,12
18-05-15,13
19-05-15,13
20-05-15,13
21-05-15,12
22-05-15,12
26-05-15,14
27-05-15,13
28-05-15,13
29-05-15,14
01-06-15,14
02-06-15,14
03-06-15,14
04-06-15,15
05-06-15,14
08-06-15,15
09-06-15,14
10-06-15,13
11-06-15,13
12-06-15,14
15-06-15,15
16-06-15,15
17-06-15,15
18-06-15,13
19-06-15,14
22-06-15,13
23-06-15,12
24-06-15,13
25-06-15,14
26-06-15,14
29-06-15,19
30-06-15,18
01-07-15,16
02-07-15,17
06-07-15,17
07-07-15,16
08-07-15,20
09-07-15,20
10-07-15,17
13-07-15,14
14-07-15,13
15-07-15,13
16-07-15,12
17-07-15,12
20-07-15,12
21-07-15,12
22-07-15,12
23-07-15,13
24-07-15,14
27-07-15,16
28-07-15,13
29-07-15,13
30-07-15,12
31-07-15,12
03-08-15,13
04-08-15,13
05-08-15,13
06-08-15,14
07-08-15,13
10-08-15,12
11-08-15,14
12-08-15,14
13-08-15,13
14-08-15,13
17-08-15,13
18-08-15,14
19-08-15,15
20-08-15,19
21-08-15,28
24-08-15,41
25-08-15,36
26-08-15,30
27-08-15,26
28-08-15,26
31-08-15,28
01-09-15,31
02-09-15,26
03-09-15,26
04-09-15,28
08-09-15,25
09-09-15,26
10-09-15,24
11-09-15,23
14-09-15,24
15-09-15,23
16-09-15,21
17-09-15,21
18-09-15,22
21-09-15,20
22-09-15,22
23-09-15,22
24-09-15,23
25-09-15,24
28-09-15,28
29-09-15,27
30-09-15,25
01-10-15,23
02-10-15,21
05-10-15,20
06-10-15,19
07-10-15,18
08-10-15,17
09-10-15,17
12-10-15,16
13-10-15,18
14-10-15,18
15-10-15,16
16-10-15,15
19-10-15,15
20-10-15,16
21-10-15,17
22-10-15,14
23-10-15,14
26-10-15,15
27-10-15,15
28-10-15,14
29-10-15,15
30-10-15,15
02-11-15,14
03-11-15,15
04-11-15,16
05-11-15,15
06-11-15,14
09-11-15,17
10-11-15,15
11-11-15,16
12-11-15,18
13-11-15,20
16-11-15,18
17-11-15,19
18-11-15,17
19-11-15,17
20-11-15,15
23-11-15,16
24-11-15,16
25-11-15,15
27-11-15,15
30-11-15,16
01-12-15,15
02-12-15,16
03-12-15,18
04-12-15,15
07-12-15,16
08-12-15,18
09-12-15,20
10-12-15,19
11-12-15,24
14-12-15,23
15-12-15,21
16-12-15,18
17-12-15,19
18-12-15,21
21-12-15,19
22-12-15,17
23-12-15,16
24-12-15,16
28-12-15,17
29-12-15,16
30-12-15,17
31-12-15,18
04-01-16,21
05-01-16,19
06-01-16,21
07-01-16,25
08-01-16,27
11-01-16,24
12-01-16,22
13-01-16,25
14-01-16,24
15-01-16,27
19-01-16,26
20-01-16,28
21-01-16,27
22-01-16,22
25-01-16,24
26-01-16,23
27-01-16,23
28-01-16,22
29-01-16,20
01-02-16,20
02-02-16,22
03-02-16,22
04-02-16,22
05-02-16,23
08-02-16,26
09-02-16,27
10-02-16,26
11-02-16,28
12-02-16,25
16-02-16,24
17-02-16,22
18-02-16,22
19-02-16,21
22-02-16,19
23-02-16,21
24-02-16,21
25-02-16,19
26-02-16,20
29-02-16,21
01-03-16,18
02-03-16,17
03-03-16,17
04-03-16,17
07-03-16,17
08-03-16,19
09-03-16,18
10-03-16,18
11-03-16,17
14-03-16,17
15-03-16,17
16-03-16,15
17-03-16,14
18-03-16,14
21-03-16,14
22-03-16,14
23-03-16,15
24-03-16,15
28-03-16,15
29-03-16,14
30-03-16,14
31-03-16,14
01-04-16,13
04-04-16,14
05-04-16,15
06-04-16,14
07-04-16,16
08-04-16,15
11-04-16,16
12-04-16,15
13-04-16,14
14-04-16,14
15-04-16,14
18-04-16,13
19-04-16,13
20-04-16,13
21-04-16,14
22-04-16,13
25-04-16,14
26-04-16,14
27-04-16,14
28-04-16,15
29-04-16,16
02-05-16,15
03-05-16,16
04-05-16,16
05-05-16,16
06-05-16,15
09-05-16,15
10-05-16,14
11-05-16,15
12-05-16,14
13-05-16,15
16-05-16,15
17-05-16,16
18-05-16,16
19-05-16,16
20-05-16,15
23-05-16,16
24-05-16,14
25-05-16,14
26-05-16,13
27-05-16,13
31-05-16,14
01-06-16,14
02-06-16,14
03-06-16,13
06-06-16,14
07-06-16,14
08-06-16,14
09-06-16,15
10-06-16,17
13-06-16,21
14-06-16,21
15-06-16,20
16-06-16,19
17-06-16,19
20-06-16,18
21-06-16,18
22-06-16,21
23-06-16,17
24-06-16,26
27-06-16,24
28-06-16,19
29-06-16,17
30-06-16,16
01-07-16,15
05-07-16,16
06-07-16,15
07-07-16,15
08-07-16,13
11-07-16,14
12-07-16,14
13-07-16,13
14-07-16,13
15-07-16,13
18-07-16,12
19-07-16,12
20-07-16,12
21-07-16,13
22-07-16,12
25-07-16,13
26-07-16,13
27-07-16,13
28-07-16,13
29-07-16,12
01-08-16,12
02-08-16,13
03-08-16,13
04-08-16,12
05-08-16,11
08-08-16,12
09-08-16,12
10-08-16,12
11-08-16,12
12-08-16,12
15-08-16,12
16-08-16,13
17-08-16,12
18-08-16,11
19-08-16,11
22-08-16,12
23-08-16,12
24-08-16,13
25-08-16,14
26-08-16,14
29-08-16,13
30-08-16,13
31-08-16,13
01-09-16,13
02-09-16,12
06-09-16,12
07-09-16,12
08-09-16,13
09-09-16,18
12-09-16,15
13-09-16,18
14-09-16,18
15-09-16,16
16-09-16,15
19-09-16,16
20-09-16,16
21-09-16,13
22-09-16,12
23-09-16,12
26-09-16,15
27-09-16,13
28-09-16,12
29-09-16,14
30-09-16,13
03-10-16,14
04-10-16,14
05-10-16,13
06-10-16,13
07-10-16,13
10-10-16,13
11-10-16,15
12-10-16,16
13-10-16,17
14-10-16,16
17-10-16,16
18-10-16,15
19-10-16,14
20-10-16,14
21-10-16,13
24-10-16,13
25-10-16,13
26-10-16,14
27-10-16,15
28-10-16,16
31-10-16,17
01-11-16,19
02-11-16,19
03-11-16,22
04-11-16,23
07-11-16,19
08-11-16,19
09-11-16,14
10-11-16,15
11-11-16,14
14-11-16,14
15-11-16,13
16-11-16,14
17-11-16,13
18-11-16,13
21-11-16,12
22-11-16,12
23-11-16,12
25-11-16,12
28-11-16,13
29-11-16,13
30-11-16,13
01-12-16,14
02-12-16,14
05-12-16,12
06-12-16,12
07-12-16,12
08-12-16,13
09-12-16,12
12-12-16,13
13-12-16,13
14-12-16,13
15-12-16,13
16-12-16,12
19-12-16,12
20-12-16,11
21-12-16,11
22-12-16,11
23-12-16,11
27-12-16,12
28-12-16,13
29-12-16,13
30-12-16,14
03-01-17,13
04-01-17,12
05-01-17,12
06-01-17,11
09-01-17,12
10-01-17,11
11-01-17,11
12-01-17,12
13-01-17,11
17-01-17,12
18-01-17,12
19-01-17,13
20-01-17,12
23-01-17,12
24-01-17,11
25-01-17,11
26-01-17,11
27-01-17,11
30-01-17,12
31-01-17,12
01-02-17,12
02-02-17,12
03-02-17,11
06-02-17,11
07-02-17,11
08-02-17,11
09-02-17,11
10-02-17,11
13-02-17,11
14-02-17,11
15-02-17,12
16-02-17,12
17-02-17,11
21-02-17,12
22-02-17,12
23-02-17,12
24-02-17,11
27-02-17,12
28-02-17,13
01-03-17,13
02-03-17,12
03-03-17,11
06-03-17,11
07-03-17,11
08-03-17,12
09-03-17,12
10-03-17,12
13-03-17,11
14-03-17,12
15-03-17,12
16-03-17,11
17-03-17,11
20-03-17,11
21-03-17,12
22-03-17,13
23-03-17,13
24-03-17,13
27-03-17,13
28-03-17,12
29-03-17,11
30-03-17,12
31-03-17,12
03-04-17,12
04-04-17,12
05-04-17,13
06-04-17,12
07-04-17,13
10-04-17,14
11-04-17,15
12-04-17,16
13-04-17,16
17-04-17,15
18-04-17,14
19-04-17,15
20-04-17,14
21-04-17,15
24-04-17,11
25-04-17,11
26-04-17,11
27-04-17,10
28-04-17,11
01-05-17,10
02-05-17,11
03-05-17,11
04-05-17,10
05-05-17,11
08-05-17,10
09-05-17,10
10-05-17,10
11-05-17,11
12-05-17,10
15-05-17,10
16-05-17,11
17-05-17,16
18-05-17,15
19-05-17,12
22-05-17,11
23-05-17,11
24-05-17,10
25-05-17,10
26-05-17,10
30-05-17,10
31-05-17,10
01-06-17,10
02-06-17,10
05-06-17,10
06-06-17,10
07-06-17,10
08-06-17,10
09-06-17,11
12-06-17,11
13-06-17,10
14-06-17,11
15-06-17,11
16-06-17,10
19-06-17,10
20-06-17,11
21-06-17,11
22-06-17,10
23-06-17,10
26-06-17,10
27-06-17,11
28-06-17,10
29-06-17,11
30-06-17,11
03-07-17,11
05-07-17,11
06-07-17,13
07-07-17,11
10-07-17,11
11-07-17,11
12-07-17,10
13-07-17,10
14-07-17,10
17-07-17,10
18-07-17,10
19-07-17,10
20-07-17,10
21-07-17,9
24-07-17,9
25-07-17,9
26-07-17,10
27-07-17,10
28-07-17,10
31-07-17,10
01-08-17,10
02-08-17,10
03-08-17,10
04-08-17,10
07-08-17,10
08-08-17,11
09-08-17,11
10-08-17,16
11-08-17,16
14-08-17,12
15-08-17,12
16-08-17,12
17-08-17,16
18-08-17,14
21-08-17,13
22-08-17,11
23-08-17,12
24-08-17,12
25-08-17,11
28-08-17,11
29-08-17,12
30-08-17,11
31-08-17,11
01-09-17,10
05-09-17,12
06-09-17,12
07-09-17,12
08-09-17,12
11-09-17,11
12-09-17,11
13-09-17,11
14-09-17,10
15-09-17,10
18-09-17,10
19-09-17,10
20-09-17,10
21-09-17,10
22-09-17,10
25-09-17,10
26-09-17,10
27-09-17,10
28-09-17,10
29-09-17,10
02-10-17,9
03-10-17,10
04-10-17,10
05-10-17,9
06-10-17,10
09-10-17,10
10-10-17,10
11-10-17,10
12-10-17,10
13-10-17,10
16-10-17,10
17-10-17,10
18-10-17,10
19-10-17,10
20-10-17,10
23-10-17,11
24-10-17,11
25-10-17,11
26-10-17,11
27-10-17,10
30-10-17,11
31-10-17,10
01-11-17,10
02-11-17,10
03-11-17,9
06-11-17,9
07-11-17,10
08-11-17,10
09-11-17,11
10-11-17,11
13-11-17,12
14-11-17,12
15-11-17,13
16-11-17,12
17-11-17,11
20-11-17,11
21-11-17,10
22-11-17,10
24-11-17,10
27-11-17,10
28-11-17,10
29-11-17,11
30-11-17,11
01-12-17,11
04-12-17,12
05-12-17,11
06-12-17,11
07-12-17,10
08-12-17,10
11-12-17,9
12-12-17,10
13-12-17,10
14-12-17,10
15-12-17,9
18-12-17,10
19-12-17,10
20-12-17,10
21-12-17,10
22-12-17,10
26-12-17,10
27-12-17,10
28-12-17,10
29-12-17,11
02-01-18,10
03-01-18,9
04-01-18,9
05-01-18,9
08-01-18,10
09-01-18,10
10-01-18,10
11-01-18,10
12-01-18,10
16-01-18,12
17-01-18,12
18-01-18,12
19-01-18,11
22-01-18,11
23-01-18,11
24-01-18,11
25-01-18,12
26-01-18,11
29-01-18,14
30-01-18,15
31-01-18,14
01-02-18,13
02-02-18,17
05-02-18,37
