date,ME200,ME500,ME3000,ME3000p,FE200,FE500,FE3000,FE3000p,EU200,EU500,EU3000,EU3000p,US200,US500,US3000,US3000p,US4,EU4,FE4,MIDE4,PetIndex
01-01-95,3940661,6334037,6110408,8001858,11109805,12924884,61259245,62075898,48436221,14104464,38090926,30628267,12520877,12611022,24455145,13843731,63430775,131259878,147369832,24386964,34.05424653
01-02-95,6201286,7349792,8579724,9638728,13102988,17607824,85269523,79810513,72370143,19210983,58753642,49600328,14113349,9124378,29205032,18538077,70980836,199935096,195790848,31769530,35.06980347
01-03-95,6481202,9542293,7327784,11014497,15657561,16746931,95789968,75977884,81513247,20839906,62716527,48097344,14211737,14283791,23631982,16872026,68999536,213167024,204172344,34365776,35.0836717
01-04-95,4640398,6534033,4874349,5702690,12193060,14269148,74808503,63610927,60711865,15667669,51194987,39639236,10846422,12422346,26923366,15790726,65982860,167213757,164881638,21751470,37.37825524
01-05-95,3843185,5497692,8905090,14438158,15107262,23505708,86819474,66341453,65733452,19808344,78678447,68291513,12673406,18100965,32124487,19927142,82826000,232511756,191773897,32684125,36.90825864
01-06-95,3567512,6212402,7102225,9993545,11495602,18213610,90854707,74043488,56684129,19626714,65995548,53559059,15468969,14513418,31922925,19317923,81223235,195865450,194607407,26875684,35.35040265
01-07-95,6216518,6070441,6727333,10137086,15993274,19806808,86176695,71564973,66901087,18183850,62060428,60515517,15849660,14945028,29896724,25689068,86380480,207660882,193541750,29151378,33.25926381
01-08-95,4046702,3666776,3583178,6971370,13942439,8407381,56646829,48988230,52450881,12090454,34406464,31360946,12150009,9684098,14527123,13131016,49492246,130308745,127984879,18268026,33.81916049
01-09-95,5119982,6201386,6324458,10327382,17033542,20170766,73045684,73439000,85651516,21778040,66182726,61854299,23020550,15548361,25403238,23110848,87082997,235466581,183688992,27973208,34.31175766
01-10-95,5114045,5573911,9720944,13881149,17579376,15746507,99372489,71211792,75982992,29351266,74768926,63849018,16008283,16762839,27494045,15496012,75761179,243952202,203910164,34290049,33.50686956
01-11-95,5385053,6000435,10579488,19678556,16847029,17606068,83128591,76981719,68066681,28566692,83157460,71596860,17192027,12411617,30119220,19552177,79275041,251387693,194563407,41643532,34.38826185
01-12-95,4942789,6739346,9370840,17372801,15341966,13528159,69925464,62750621,39977330,21215011,61302970,66727373,12044800,9172012,17181366,16315820,54713998,189222684,161546210,38425776,36.38978882
01-01-96,3578681,5512607,6910896,8644293,18934051,16931926,73586452,62803294,48735283,12708915,35523859,31600421,9688015,11906340,16960876,14510571,53065802,128568478,172255723,24646477,36.28383864
01-02-96,5847920,7279300,7933918,12635564,17552890,18227220,78931054,52386734,77601952,16768159,54809568,50258026,14329615,7862752,23255174,14441028,59888569,199437705,167097898,33696702,36.46489283
01-03-96,7122059,6563466,9530539,11211826,16705095,15033243,95689486,58731135,62320845,19732087,59124677,45877053,15292007,11427878,25240774,17808167,69768826,187054662,186158959,34427890,38.89423158
01-04-96,5192491,6681458,7165534,10006623,15551451,18499272,74508003,53120679,52151422,17759759,58991919,48116032,11349557,12730566,29958178,16932468,70970769,177019132,161679405,29046106,40.78828136
01-05-96,4231959,5080172,8983187,9109396,12780428,20140853,88373474,68538749,49463817,18246352,62676877,54321171,19609915,11245515,25370142,13789800,70015372,184708217,189833504,27404714,38.1097331
01-06-96,5007221,7083537,8983585,12643939,11661529,17678940,74795376,67104495,46562009,18645990,64142514,50118234,12934284,16863788,26460129,18173605,74431806,179468747,171240340,33718282,37.31697934
01-07-96,5432003,5233080,8899954,8841323,9362000,17067560,89683192,65273024,50264475,19734331,67716851,52707545,22316557,13214417,33224370,22024565,90779909,190423202,181385776,28406360,38.93445281
01-08-96,4819599,5293158,6253061,6637662,13664248,12110684,67700839,39225814,55604856,12269790,40044693,35584710,13603262,12895114,29243568,16103908,71845852,143504049,132701585,23003480,39.81094496
01-09-96,4598741,4102504,8193977,10548806,14011784,18051976,83150015,64340911,61465719,24830616,68454844,52713556,21222260,15691433,28659472,16640643,82213808,207464735,179554686,27444028,42.8133049
01-10-96,7068122,5529267,10503998,14299250,15769838,22256904,88144947,57405237,80484364,31050990,80140425,56449299,27489181,19603749,42252982,25689816,115035728,248125078,183576926,37400637,45.32858717
01-11-96,5240662,8359776,10046671,23780190,17814199,21162217,95908067,83157059,67861727,31776258,85968389,69277472,22143409,16801128,42910448,31213221,113068206,254883846,218041542,47427299,43.76299555
01-12-96,7513556,8163019,13018307,21263744,11568826,16293422,76010161,66019821,38577974,22231317,80117648,67578208,10802581,12251434,28081633,21650835,72786483,208505147,169892230,49958626,45.93283219
01-01-97,4877369,6102756,7837107,13138934,14533814,13652514,79591510,60800709,53970154,14292437,41805912,33070158,10525537,12194706,21714392,13555485,57990120,143138661,168578547,31956166,45.42017737
01-02-97,5200282,4811988,8153964,11695465,12373423,18759671,84473185,50903816,56459894,21297947,68755307,45689964,11339990,8302831,27095330,18862023,65600174,192203112,166510095,29861699,40.59179868
01-03-97,5519110,7312681,9575100,13225378,13827130,22778296,74750559,78343428,58416222,20466511,63450998,43494852,9229423,18120202,29356661,16094263,72800549,185828583,189699413,35632269,38.47078526
01-04-97,6303081,5854503,11442798,20562266,13124647,21201432,70899753,69299719,58503615,23156337,77757939,53169535,7927755,24442609,35468743,22724422,90563529,212587426,174525551,44162648,36.08374801
01-05-97,4499415,5910630,9710573,18152273,14316583,19632197,76537438,88973179,59272597,22799789,74702635,60963737,10097249,17352356,33591986,26590393,87631984,217738758,199459397,38272891,38.56597352
01-06-97,6157091,7187716,8837144,19862219,11340157,19379368,68998077,98842892,49017068,28114353,80445590,65164557,8945245,19421030,35106220,24939713,88412208,222741568,198560494,42044170,36.14947534
01-07-97,5710148,6484989,11470792,17005404,9336831,23711357,80149929,102205688,58580099,25566225,76848700,68599115,11340215,24303766,41568023,23232048,100444052,229594139,215403805,40671333,36.63604383
01-08-97,4016031,3620413,3636303,5415244,9544858,13550803,47670608,71113806,45438652,14063498,48430938,42292409,10853430,16219899,36625738,19883607,83582674,150225497,141880075,16687991,37.37526672
01-09-97,4749655,7113942,8645158,17468893,13268841,17405188,67676489,92252397,84494414,34344051,77680075,61598900,14974426,26206359,39920202,22264654,103365641,258117440,190602915,37977648,37.43824534
01-10-97,7192734,7205284,9750731,26544578,14510202,21598711,75782355,88382470,92616436,40116426,96741013,68631307,20212612,26918825,47206803,28470114,122808354,298105182,200273738,50693327,39.57693616
01-11-97,7740888,9398368,11586538,18434912,12497717,20384250,87803113,69918626,80505434,39631119,94796046,70503760,14243082,19256187,40152996,31548179,105200444,285436359,190603706,47160706,37.81832696
01-12-97,7170608,10086521,14653751,23915911,10999321,15454589,64873838,82963120,54156021,33063584,83931453,74343536,8799098,16942282,42276237,27587551,95605168,245494594,174290868,55826791,34.40515577
01-01-98,5022245,5961259,6909128,20247284,11417596,14110714,57873646,39792214,72198795,20382990,52453225,36615164,9281817,17747465,28099452,16065455,71194189,181650174,123194170,38139916,30.75724629
01-02-98,6652060,6571230,9081668,16315521,11385766,15117555,64700903,61949202,70590154,30105118,70013793,50817348,9391748,13483937,39267409,17217005,79360099,221526413,153153426,38620479,29.29641301
01-03-98,8428615,9424810,12171697,15047265,11896229,25033952,81408183,73036143,60371158,27451294,85088580,58360256,11957537,21121513,46604280,17203374,96886704,231271288,191374507,45072387,27.62253025
01-04-98,4885609,6731262,9756908,14505277,8589639,22072721,83932288,54727229,56756284,28657798,76023548,58330196,13288270,20218769,48998028,20727553,103232620,219767826,169321877,35879056,27.70953299
01-05-98,4532536,4888209,11226856,20783905,8856811,14588761,74601240,65066283,66778215,29855173,86165169,74835805,13510891,14429917,49759557,27354308,105054673,257634362,163113095,41431506,28.5576775
01-06-98,4950539,5895456,11999971,15172870,10641527,15489215,70693957,67766057,69446264,34419667,91180177,76837507,10999679,18050542,57086671,24958863,111095755,271883615,164590756,38018836,26.17249888
01-07-98,5109064,6435787,11079449,16039869,9502805,19214583,86809030,61125063,75502098,35315594,97037902,82670918,14039763,21101414,46260923,47378825,128780925,290526512,176651481,38664169,26.3794281
01-08-98,3280213,4895618,4740229,7566163,7951216,12894374,56090534,34333933,57915331,22853717,51845184,46367873,11707846,14916867,35839121,17384626,79848460,178982105,111270057,20482223,25.67239033
01-09-98,4080359,4434160,12313478,15278793,11401783,14764112,62329297,39277889,73280992,41252684,80717905,64861510,20120942,28299464,50680341,24248163,123348910,260113091,127773081,36106790,27.87555498
01-10-98,4559524,6884377,9205387,16887539,11689719,19936268,85592436,56067424,103025804,44393820,100154023,80634965,18906975,24838045,51299322,28108403,123152745,328208612,173285847,37536827,26.80245539
01-11-98,4538001,7497871,11825296,19772932,9651479,18391117,80645307,66455160,81902625,45304385,110158427,81691189,14660793,19883034,53242549,39098632,126885008,319056626,175143063,43634100,24.58078736
01-12-98,5107732,7792318,15611886,22018457,7584987,19753675,67222243,75861251,55190046,33339417,87858701,81797794,7758816,15571133,39895407,32954161,96179517,258185958,170422156,50530393,22.08852878
01-01-99,4045252,4777673,6818148,10737302,8273798,15205626,76328761,49176867,67770532,20368315,52468477,44120476,10684485,13247924,26989564,19893321,70815294,184727800,148985052,26378375,23.45357003
01-02-99,4521135,6411101,10374220,12538884,8556335,17400321,67142374,53656619,61635268,22926477,71405578,54639624,14085143,14682288,41581425,23679282,94028138,210606947,146755649,33845340,22.47725983
01-03-99,5072345,7695936,10682896,11254598,12155222,17028633,98860488,69621807,69941201,32864206,76561755,52558428,12589388,17506982,49017358,23680048,102793776,231925590,197666150,34705775,25.82325749
01-04-99,3542430,5500327,10408949,18669098,9975107,13736098,89001504,40815010,63755417,28192459,78235270,51099931,12414156,13114655,52464009,27109014,105101834,221283077,153527719,38120804,30.45259579
01-05-99,3631198,5352051,9549611,11805176,10495218,14514898,81412389,69941947,46276614,24749502,84877674,67402774,12327715,15603613,53788542,35360373,117080243,223306564,176364452,30338036,31.26499488
01-06-99,5177198,5965189,12980021,15381744,12418025,15624736,89802408,59579121,67338018,31312708,92448864,75571774,11700756,14819573,56737103,41650118,124907550,266671364,177424290,39504152,31.55020516
01-07-99,4842657,6714192,11969090,15009411,12779360,15902192,93531632,70601710,64442536,29137980,90171257,81601874,13383740,18158728,62945590,38620738,133108796,265353647,192814894,38535350,35.5931851
01-08-99,3889954,5957330,7552454,5340664,6567415,8167426,64607407,48434610,47210832,17263690,53012183,48434206,9719722,13907466,43581156,22616525,89824869,165920911,127776858,22740402,38.20408397
01-09-99,4939032,6372772,11076555,11650110,11263991,16834053,89663397,64195568,83941238,38981142,103669790,80889421,14086513,19362767,71657408,30831554,135938242,307481591,181957009,34038469,41.70609566
01-10-99,5734231,10913787,12892224,14852601,10767452,18686177,82927121,78340036,93329315,43509094,110220131,81894329,17028200,21635898,80889684,46191603,165745385,328952869,190720786,44392843,41.82279104
01-11-99,6757193,10965753,14590130,22753398,10985004,21416777,108046196,106665073,91148171,44101353,142508967,106975819,13575170,19107570,72548385,56629810,161860935,384734310,247113050,55066474,44.95845014
01-12-99,5695318,10168809,20204162,28241202,10904626,18469175,74737254,82614333,62611182,34593212,102726752,95212781,8789782,12284835,63438381,40045587,124558585,295143927,186725388,64309491,46.25914947
01-01-00,4018464,6325114,8102433,9394068,12005719,18530282,87068099,46533905,72759354,23229274,67492169,45558953,11828645,18173890,42463856,22502712,94969103,209039750,164138005,27840079,47.46587328
01-02-00,6164429,9755375,11985182,15291863,8942293,10668359,82715668,79788383,58890513,25365017,94936053,63643645,11970598,10720940,49748987,34522838,106963363,242835228,182114703,43196849,50.65127718
01-03-00,6104825,6991580,13586362,13839807,11898853,16969603,92688686,69854202,73646845,30963917,100215250,60040651,13165635,25235743,58219020,32415902,129036300,264866663,191411344,40522574,51.39943081
01-04-00,4139419,6424213,9817776,13285371,8977045,16007735,90010428,80833356,44094326,23673379,92240677,61203600,8535542,14037156,62163595,33297595,118033888,221211982,195828564,33666779,45.31267083
01-05-00,5189203,6920403,19155895,15203501,9144383,16956713,102676728,96780042,52991414,33326425,123583549,88535569,10757721,19813631,86547633,51190293,168309278,298436957,225557866,46469002,51.37213802
01-06-00,5563568,7024636,18799467,17340300,12507754,16843158,97687146,85349195,64094472,26150951,100642149,78409530,10409835,16730257,68626070,42283127,138049289,269297102,212387253,48727971,55.62735056
01-07-00,7732345,5986972,15205237,13607888,7949648,19077884,93653495,83125561,51753901,28902291,112441670,87140147,13887681,14998582,79282299,45733736,153902298,280238009,203806588,42532442,53.61753204
01-08-00,4275018,4476803,7946163,9472368,9069734,8748535,64429675,74229105,43094794,22050848,72739768,63316718,7614277,8235470,66123546,42590186,124563479,201202128,156477049,26170352,55.80513682
01-09-00,5565032,5083424,15698908,12871937,10994169,16257248,79876665,85417009,100666816,34134430,112442505,88667624,12449610,26042748,65640857,50209054,154342269,335911375,192545091,39219301,60.40049531
01-10-00,5742724,7895654,17525534,26071901,10545694,15993838,102120638,109684749,78932020,45068054,138381284,110598753,13977120,28713980,82088153,61135485,185914738,372980111,238344919,57235813,59.82418881
01-11-00,5180747,10265313,21416337,33522641,12160181,15968385,103378822,104293952,81287886,47196479,157104116,120489734,14209022,23302609,92229861,69598357,199339849,406078215,235801340,70385038,61.34912671
01-12-00,5322354,6148944,19771465,24154794,9235615,15796529,91716168,109618380,49320522,33413239,131764300,108105542,7573226,13229019,75236929,56424998,152464172,322603603,226366692,55397557,51.48735788
01-01-01,5695302,6932241,11108156,16962353,10037952,14768289,84579530,80876688,63213822,21735905,86709432,73557945,9014129,15559755,56092647,40561899,121228430,245217104,190262459,40698052,52.32311995
01-02-01,5366878,7462910,18456621,19915498,12920376,14641731,97131987,95403358,45336349,26467127,104455156,97855274,9172577,8549091,50511776,42971202,111204646,274113906,220097452,51201907,53.42838902
01-03-01,4485103,6675893,16181522,15989885,10108413,15500654,83276052,78267332,46096515,25619597,107205595,84424746,8829751,9170252,53000574,33757990,104758567,263346453,187152451,43332403,49.95080823
01-04-01,5842653,5657819,12662067,18740123,7706929,15534183,98112034,90893730,40375575,27058358,105696421,86466899,8492391,8009127,50608472,42971674,110081664,259597253,212246876,42902662,51.04629774
01-05-01,5921087,7023285,16689855,22927111,8752351,14314847,94619950,101152412,57564906,29946641,127955026,106742296,14608129,11332824,61984605,47038461,134964019,322208869,218839560,52561338,53.79349901
01-06-01,6049260,7747868,19037582,34425834,7101862,11562462,102560251,94376283,50959403,30635720,122279118,115513571,10877961,12883421,60536521,43884163,128182066,319387812,215600858,67260544,52.82269159
01-07-01,7260437,7735157,17001807,19428922,11839843,17549459,118799139,114573294,63108884,27074011,127598875,116276223,9405994,18454369,68453526,42221420,138535309,334057993,262761735,51426323,48.71340255
01-08-01,5298861,5950268,12501275,10216800,7797959,12131526,84418583,89032569,38521586,19438367,91224679,80731296,8741450,10835936,52810182,40755008,113142576,229915928,193380637,33967204,50.11120641
01-09-01,4482424,4307924,13832783,21180395,10322184,13737932,87993845,93044845,57828422,36944805,104624705,97355572,15031922,15183298,51146302,26855079,108216601,296753504,205098806,43803526,48.52790451
01-10-01,7487859,5097789,21471434,44107250,10751874,18641564,107835738,115084395,76912303,45665097,152339526,142454239,16104055,17215055,80272674,55673938,169265722,417371165,252313571,78164332,41.26121713
01-11-01,6350716,9402894,20770135,27822231,11581620,18709293,113514878,104801908,75747797,45642207,156227999,137380991,12409923,14946740,67297206,39558642,134212511,414998994,248607699,64345976,37.44905875
01-12-01,4078922,4654578,12842189,23248536,6676191,12970967,73275973,95992506,40741724,28745419,117473156,132667410,7366180,8401359,45229820,36070982,97068341,319627709,188915637,44824225,36.93243942
01-01-02,5153727,8521888,11628382,21365044,10508794,14479812,92050456,87268625,44417729,21743832,82291705,74019471,8271136,8191204,44736642,32617934,93816916,222472737,204307687,46669041,37.59002107
01-02-02,6816231,6808996,16522969,32407453,9156130,13194792,79255514,88131443,54473027,22108133,97462242,95249075,8193561,4308091,49439878,40783780,102725310,269292477,189737879,62555649,38.96681842
01-03-02,4138115,7048718,17101139,21919054,12228166,15612597,93398649,92398684,46219164,22519490,92442238,83307059,10660933,9757196,48638058,28941453,97997640,244487951,213638096,50207026,45.06606044
01-04-02,4702225,6538514,14929990,21629225,10713095,13159919,90568612,85116141,43333968,22589946,105793516,97051399,10971429,11739588,48441278,30413661,101565956,268768829,199557767,47799954,47.93670111
01-05-02,6145534,5567538,15545784,37612416,10970427,17374991,93270427,95003832,58356430,23473151,110835093,92350286,17641152,13521153,66895056,42306220,140363581,285014960,216619677,64871272,48.47477412
01-06-02,6366998,7561874,15489346,27799193,9380453,13163644,95023040,108685818,51124973,24708126,114134741,107812275,11787019,10931503,62449009,42123456,127290987,297780115,226252955,57217411,46.38464542
01-07-02,8017880,6203180,15055267,25210936,13984164,12394894,107265322,125521782,50004111,30341340,116761227,120141807,14107042,13276951,71825048,63016507,162225548,317248485,259166162,54487263,48.62928751
01-08-02,4881211,4729189,8932872,18339386,9676223,10323795,80110821,100696942,33856631,14203378,70462054,74850944,9573666,10114506,44780191,34064844,98533207,193373007,200807781,36882658,49.66046035
01-09-02,5546325,4486691,15048190,23827274,13969672,13170106,95543748,114889262,60125434,32462936,107102620,90268969,12589333,9258515,58943679,40699333,121490860,289959959,237572788,48908480,52.34399403
01-10-02,8253915,6772719,23191005,41764701,15472100,15385557,121765264,128533125,68388041,38835751,140650483,132556214,20281182,20920577,75989202,51596892,168787853,380430489,281156046,79982340,51.80199955
01-11-02,6467594,8634144,21560907,35796424,11915427,16918110,117099538,138370258,68233382,33144703,132363984,142316760,14092648,13975080,81117241,85889957,195074926,376058829,284303333,72459069,47.40824558
01-12-02,5394965,5618735,13809217,23157847,10342837,10873768,103204877,127004483,38723877,21630579,111252080,143425286,9848894,8611356,56506449,54107823,129074522,315031822,251425965,47980764,52.53577843
01-01-03,5030895,6318433,14485985,26608277,10692598,16804137,92772172,87414749,45248109,15587595,67582130,64126976,14144584,10079167,54494857,28724213,107442821,192544810,207683656,52443590,57.77870225
01-02-03,4895297,4839033,11341423,20831584,10960308,14093845,92695173,103502084,44544717,18337618,78364871,81824055,8175194,7409694,45098818,29756350,90440056,223071261,221251410,41907337,62.02916239
01-03-03,4054501,3942293,10367184,24333437,15057335,14379561,93075722,82024188,47406640,18573943,81312024,95548337,12438560,9162578,58801931,41755524,122158593,242840944,204536806,42697415,57.35788865
01-04-03,4311012,6200221,9574939,23114800,8097561,13273371,101410031,106061314,36318310,18326339,90159028,82683543,10796627,9129542,56868541,37115299,113910009,227487220,228842277,43200972,49.59470484
01-05-03,4501815,5662923,12017081,23835456,8545149,11290837,79680435,87180009,38052542,19981663,102286318,97629452,10042468,9377580,56182037,53028067,128630152,257949975,186696430,46017275,50.55619653
01-06-03,3996125,6707587,16735253,26352564,7736667,9440328,80585626,84610324,39132567,21068554,112921580,125212800,10393298,8890956,53068915,39399114,111752283,298335501,182372945,53791529,53.51600454
01-07-03,7805229,5449354,18392774,24139439,10912374,11126338,111072857,101803391,48393108,24050004,104443600,113023162,14694446,16212733,68636059,47337906,146881144,289909874,234914960,55786796,54.44969805
01-08-03,4630902,8955039,10460685,9537972,8615539,11260299,82183679,68549776,32194628,13557677,71331854,60243458,8802923,8008988,45237223,30509123,92558257,177327617,170609293,33584598,56.27952263
01-09-03,6824852,5911599,20840008,27741349,13735201,14076831,104984181,103517032,62282890,28254453,121622521,94495749,18345213,13398094,76924537,49734794,158402638,306655613,236313245,61317808,51.97596216
01-10-03,4895220,6859903,28170823,50323669,12817634,16419502,135682587,105891690,63471958,36867585,144720673,126689676,20562870,13141169,89800152,60807983,184312174,371749892,270811413,90249615,55.41457478
01-11-03,5804628,8449560,18608528,33371688,11606897,15279344,106430340,117841608,63961448,31959431,165028369,146489987,18362809,12519303,86927647,68847178,186656937,407439235,251158189,66234404,55.85117206
01-12-03,3939671,6527207,19682895,36204252,10622818,15119486,97917843,99950337,40219581,24293502,119045136,133206503,9517194,7633868,52541314,50065151,119757527,316764722,223610484,66354025,57.97596633
01-01-04,6619850,5522356,15876149,14824936,14693277,8216553,81446427,81813464,38798883,16104172,74834539,63587353,12981317,10193545,43049879,33707389,99932130,193324947,186169721,42843291,60.36327047
01-02-04,5041920,5497268,20250513,50874279,12582634,13397509,105965099,80589384,42361304,17682919,92816013,74483979,9268975,9847254,60584650,39881148,119582027,227344215,212534626,81663980,60.35368322
01-03-04,7378423,7503636,16692778,31040222,17477209,12734283,108746215,91036334,56689335,21937257,102094907,74971247,16284650,13581489,70427981,46068011,146362131,255692746,229994041,62615059,64.61967937
01-04-04,4698716,6326756,16405482,25657003,7861993,12740898,100066817,99526221,32215759,15919610,101662570,87372462,15867966,14418558,66953183,37648297,134888004,237170401,220195929,53087957,65.39703415
01-05-04,5125965,6385886,20873308,25440349,9664441,13271363,88890719,99245687,34673284,22835363,113795819,83291013,11703739,12229989,57021817,43033053,123988598,254595479,211072210,57825508,72.02666122
01-06-04,5553925,7959827,24935069,29470438,11188484,15316155,120855869,119416769,41083908,25456376,128727859,113188909,16244550,11508041,68106423,60373108,156232122,308457052,266777277,67919259,69.4128768
01-07-04,5810936,5514423,21495432,30296325,10884520,13797070,113900911,118367542,40465241,26700980,119059009,117756987,15477528,11581250,60117426,69759406,156935610,303982217,256950043,63117116,73.42241554
01-08-04,6580808,4403842,11481928,12957405,10991944,9984757,79722922,121263653,33323701,17072722,80847595,87198446,8900385,11342542,55220883,47414287,122878097,218442464,221963276,35423983,79.75594737
01-09-04,8522282,6175767,19168533,34990485,12701423,15562416,100907376,101240018,50600756,29298902,116054869,112782358,17726152,16635038,65591128,54992686,154945004,308736885,230411233,68857067,78.64884914
01-10-04,5670468,7542457,27850539,45736243,18731505,15517951,138252181,147562054,65197801,33326831,143085275,127328599,26716704,16973952,86109348,61650820,191450824,368938506,320063691,86799707,87.85998072
01-11-04,5508589,6694097,21178113,38475789,13556523,20025418,138604428,150318219,62095987,32924889,161813646,152712042,17643085,11848390,103337871,80240331,213069677,409546564,322504588,71856588,80.2123443
01-12-04,4942136,7174278,21549881,38622549,11772801,15562681,108782725,119847659,38720188,22296534,102218060,140820897,17242309,6797706,55983226,58215808,138239049,304055679,255965866,72288844,75.27849248
01-01-05,6329565,12005429,18440917,21078328,18218371,16312339,108888376,97825669,47720314,13192107,68971280,67417322,16319326,10224705,69476408,43573202,139593641,197301023,241244755,57854239,81.6983403
01-02-05,5168392,5700945,21595027,44116211,11842959,12911719,101458353,98177871,35328905,17588911,104830834,85795242,14989612,9046040,58348408,41907684,124291744,243543892,224390902,76580575,83.89661988
01-03-05,5035795,6964340,15681181,24137468,13776912,11990663,117083874,98051703,31821253,18541551,103305074,97893617,14986377,12528519,54610532,42101346,124226774,251561495,240903152,51818784,94.60234657
01-04-05,4531465,6594667,19196235,39557234,12811476,11626946,129747162,118650681,38459554,19248464,125073473,116557429,19938716,14993705,74336262,71414317,180683000,299338920,272836265,69879601,95.07741881
01-05-05,6300828,6559960,21075194,37458913,11066140,14726495,110114136,157941618,35521596,20885534,116963925,130032699,14312432,12139487,71139064,79988049,177579032,303403754,293848389,71394895,90.47142848
01-06-05,6562434,9151799,20358588,40869152,13939809,14760101,104123496,151976110,36796032,25262105,120577687,139776280,14455615,11918286,64803925,71461935,162639761,322412104,284799516,76941973,100.1332089
01-07-05,5378903,7898481,21152877,26196218,13220567,13788104,95700873,133193395,36419930,20248415,114442611,141328320,17777221,10898695,69416219,82783246,180875381,312439276,255902939,60626479,104.9792612
01-08-05,6385425,7247263,12222769,23121388,12376817,14217971,83067776,156612916,39302323,17948795,101013703,89526623,12888596,10963086,72300364,49902410,146054456,247791444,266275480,48976845,114.0727615
01-09-05,7326434,7074623,18625852,40567241,13612215,18288241,101239848,126660431,46294096,26642073,124796827,126812333,17367429,16201083,75667171,68099958,177335641,324545329,259800735,73594150,114.7182861
01-10-05,6460044,6736182,24163622,43582868,16816516,23428596,129768765,188119453,55364708,28737525,139586897,171369095,26201817,16720944,87686157,102034844,232643762,395058225,358133330,80942716,110.0648917
01-11-05,6434024,7340716,18256931,46904845,17550613,22343197,131176288,167091428,62075192,33818796,155380546,192126112,14806240,11924778,81315745,104625413,212672176,443400646,338161526,78936516,103.7223524
01-12-05,9209244,9286622,20663385,43831016,12810693,19482069,120214591,182685748,35363401,23354038,124040200,187198184,14639424,11112855,62507138,89150975,177410392,369955823,335193101,82990267,106.5630842
01-01-06,4427181,6239965,13522081,25623515,16048170,13160129,100276412,132900253,42485646,12824862,84532568,102558371,11932440,11085848,45749911,60854502,129622701,242401447,262384964,49812742,115.6918151
01-02-06,5539569,7240328,18882540,48750016,13432313,12029641,110897969,117406811,37404406,16389676,92867771,121683586,11530691,9607083,47502953,61264680,129905407,268345439,253766734,80412453,111.7260109
01-03-06,4848474,7028252,19380815,34140028,13787369,14360218,113394593,137714628,37399438,19974764,105960797,140835221,12903132,8812941,63198877,79880420,164795370,304170220,279256808,65397569,113.6571156
01-04-06,4415905,5390908,17368518,43210335,10304127,10949316,113216752,164721556,34373601,16587009,105921660,163082315,10541812,5166625,59293196,79945426,154947059,319964585,299191751,70385666,125.6262831
01-05-06,7972702,9593099,22589612,54158153,13956206,14378550,132924031,173702003,37564716,20946115,126258831,184970374,14832649,8523855,70666295,101447669,195470468,369740036,334960790,94313566,126.6024258
01-06-06,7481681,7401092,19863763,45864241,12083902,16708722,130452125,142699312,41282918,21679321,132324032,178491017,17680562,10997090,69638246,92050683,190366581,373777288,301944061,80610777,125.952972
01-07-06,6876721,9188473,19847675,36967629,13021774,14732077,105913424,153406429,31311494,20317631,121385537,192066225,19743837,11069668,69177521,103887879,203878905,365080887,287073704,72880498,132.8852097
01-08-06,6842008,5378738,12319326,26829805,14270751,11885323,99001567,127974985,36724550,14307278,89052756,128426908,10891465,10176204,61905176,68708636,151681481,268511492,253132626,51369877,132.1038792
01-09-06,9777327,8947050,19341260,34715554,14675321,14425334,145670154,149357208,44891606,29144245,113504537,149927103,21353487,11988773,70221006,78890794,182454060,337467491,324128017,72781191,115.7770908
01-10-06,7148506,8156553,19990030,54700642,15926428,17676423,166653061,217057164,56591879,31422978,156762102,222580844,25772739,16287519,83997786,118571708,244629752,467357803,417313076,89995731,109.0181383
01-11-06,9313243,8040997,17864753,60255653,16444462,23472560,159971749,213166683,54711410,31357201,159969439,239093416,18179036,12234558,88449646,125965624,244828864,485131466,413055454,95474646,109.7413023
01-12-06,6345093,9089292,23258912,66093388,20688927,17656762,117449606,164306495,36449545,19272673,124462707,231405052,15158175,7018286,56946288,94273016,173395765,411589977,320101790,104786685,114.3799057
01-01-07,7128258,5708878,12552188,31614376,18999606,14412127,100454862,151995993,42404050,15931031,82151902,144907224,13673126,9672793,55129818,80210282,158686019,285394207,285862588,57003700,102.4380346
01-02-07,6566826,7771787,19715340,67734258,14883924,14674556,117548104,164673580,34536526,18399574,103364141,164996663,13050282,8844840,55176593,89208649,166280364,321296904,311780164,101788211,109.1802446
01-03-07,7304826,7318213,19244687,50463792,17806391,19230139,124789258,196369064,34412270,23187519,116490560,187132068,18692091,11647306,67701743,92555249,190596389,361222417,358194852,84331518,113.9503676
01-04-07,4630711,5708241,18300821,45919334,13562714,14724933,116446423,165392429,31696277,18788932,118909637,203182259,14224603,9381317,71187270,91658215,186451405,372577105,310126499,74559107,121.0001843
01-05-07,9009287,7709125,20384869,58544527,17671442,19608382,121490685,197008978,34458539,21606707,126541972,227291992,16266911,13699774,79328266,91827880,201122831,409899210,355779487,95647808,121.4138959
01-06-07,9931110,8828927,25984967,59449466,18131778,19720488,119635384,210574792,39377603,23609549,121542280,259393606,19414650,9287646,69554091,102093313,200349700,443923038,368062442,104194470,126.5693686
01-07-07,12797276,10888322,27141026,61782083,18963668,17743277,129628683,223669363,44509709,22432312,144672418,288814642,13707540,12841793,73870468,99331508,199751309,500429081,390004991,112608707,135.2418119
01-08-07,7571200,5895525,13426275,42083405,15303016,15347557,90100848,184653640,26726102,16241999,94978544,151770052,12956898,7670780,54715618,66956015,142299311,289716697,305405061,68976405,130.0600196
01-09-07,10636506,9427605,23723829,60314486,19217367,19675991,122427126,217581966,41474918,25836731,135474565,203480197,17424278,10997638,73069351,83390177,184881444,406266411,378902450,104102426,140.476665
01-10-07,9180184,7374866,18194466,70444854,21160053,22710935,153424378,254654892,65912301,32786291,178853224,248517835,22006421,17683770,104998561,101575893,246264645,526069651,451950258,105194370,150.4860505
01-11-07,8623540,11216740,23393592,95071066,19630836,24725643,147130459,288000239,61803164,33931798,177293784,288267292,15785811,13341355,91093678,134209234,254430078,561296038,479487177,138304938,166.8288781
01-12-07,8238730,10164525,29250600,81836360,25580579,22149442,112013066,209307715,39429481,21202138,124639519,272578538,12516516,8567697,59399019,105344725,185827957,457849676,369050802,129490215,164.8368757
01-01-08,11486041,7358843,19189492,58692902,20788655,20647316,122765979,217844304,43932575,14781056,91755593,164478854,7756799,6827957,69997656,93256203,177838615,314948078,382046254,96727278,168.6108498
01-02-08,7861170,9235618,21986543,94700267,16257399,20581686,121719845,200043785,36972541,20135186,110931982,197312918,13041379,10112423,71104863,90897967,185156632,365352627,358602715,133783598,176.3136955
01-03-08,8382737,6623399,24897606,63328037,15202680,18939158,117573744,201315273,36084974,18437127,118850121,200088336,15634074,9087457,53488814,82808690,161019035,373460558,353030855,103231779,189.6560354
01-04-08,8437162,8304446,21883015,81982816,18290224,21087499,125775888,232286949,37161351,20165461,125200802,240634535,10369491,9872183,69165457,102697906,192105037,423162149,397440560,120607439,202.3254576
01-05-08,8606729,8102706,28588688,83732733,17645407,21003831,120025972,261756192,39417260,19730527,119092026,286984754,15327773,10416003,56708469,121454569,203906814,465224567,420431402,129030856,226.2416487
01-06-08,11283970,10589565,22064749,86027978,22996541,19098703,134135862,275056674,46824761,21100689,131187575,288987155,14636224,7440977,62107394,120997875,205182470,488100180,451287780,129966262,243.1130029
01-07-08,11103973,8000101,23973121,73836549,20275741,20123039,127646196,301564241,48020219,22097291,121657069,308569099,15755889,8694788,57334174,131052458,212837309,500343678,469609217,116913744,249.6072413
01-08-08,10131502,9052099,17185803,64273971,11757774,15598143,84587764,208549224,33642545,13483189,89079848,173706944,9237589,7594202,41552257,84074683,142458731,309912526,320492905,100643375,217.7497813
01-09-08,9873998,7280672,22909312,74546309,22512465,24194478,134847633,282660488,55554192,23867943,127093595,252278673,20918562,11655411,53626149,118184433,204384555,458794403,464215064,114610291,192.3890718
01-10-08,9411791,8831293,20507753,73333161,21111232,25004464,132255799,328398149,61210975,29473641,143832305,287383111,18907276,12308821,57071012,128957122,217244231,521900032,506769644,112083998,147.0562189
01-11-08,9746180,7971148,19743060,98454487,13517454,19343467,104221377,280398254,56683062,29292436,136664268,266862252,15347643,7917178,44598550,122564082,190427453,489502018,417480552,135914875,113.9698566
01-12-08,7702793,6627814,15007280,97497337,24844574,20759505,87411177,206944761,40701277,17423219,91967392,289505981,8212712,5172317,33919292,107767351,155071672,439597869,339960017,126835224,91.44075335
01-01-09,6436088,8219206,18924248,49507478,11411320,17394144,78088011,199858740,32160535,12155768,77993431,148391193,4718281,2856597,26988584,89433724,123997186,270700927,306752215,83087020,95.012795
01-02-09,6859173,3895705,13384069,71943275,16089687,17631166,73175823,218083754,31934077,16219358,77273885,179059803,6593013,3019256,17251755,69191230,96055254,304487123,324980430,96082222,89.78278975
01-03-09,7457317,6674566,16589921,43295294,18047086,21718230,74642673,141588927,33343375,21306780,78961324,178326604,9905659,6434193,19116504,43810649,79267005,311938083,255996916,74017098,93.67063889
01-04-09,9011376,9365466,17053776,65566472,12987761,16945942,77898939,183030089,29301857,19143478,92145383,206796780,10403044,5816221,31099713,62171850,109490828,347387498,290862731,100997090,96.94488328
01-05-09,9548078,5798870,14910113,59529791,15347051,16973113,87984176,186216142,32427181,20598784,102203241,200997914,7050307,10095827,34395967,65246828,116788929,356227120,306520482,89786852,109.6615846
01-06-09,11355857,8153020,14678952,62574293,22673233,23874388,78152482,170094427,34916853,20312307,95284836,207822214,8873135,11400155,35007384,47860441,103141115,358336210,294794530,96762122,127.9246121
01-07-09,9770725,6906450,17394228,59821961,19064927,19432748,100292820,195544715,37666094,18124956,110244204,247539602,11967643,11373613,41991538,63468848,128801642,413574856,334335210,93893364,119.7492464
01-08-09,9698313,8061572,12528162,46379235,15502118,13898512,80842782,137638885,27001985,10798139,64809296,140806368,8730439,4318808,27471779,49085544,89606570,243415788,247882297,76667282,130.4771498
01-09-09,6616581,5975050,15081716,51694707,21511682,28822702,121018068,178819435,37350180,21685461,105509828,205613400,11682934,8566084,37285944,59552778,117087740,370158869,350171887,79368054,124.8160052
01-10-09,10604824,6310418,18701543,64206728,22300837,28213509,108456853,231948394,45829641,26669976,114822220,223864760,17053987,10066924,38766389,69514960,135402260,411186597,390919593,99823513,134.8037341
01-11-09,9872772,10280163,17982072,77520217,19757474,28582829,124276581,201567655,49162953,27748893,119085372,225074917,15195245,11176361,42378749,83097402,151847757,421072135,374184539,115655224,140.6999814
01-12-09,10146011,7725471,17406916,66197257,24248708,31473946,124228612,208185566,35201718,18312865,89771761,213376688,7202966,6096811,31250409,67997554,112547740,356663032,388136832,101475655,137.6457559
01-01-10,7154572,5147599,15134149,38582342,19852466,25644038,117192456,210050358,27911007,9772879,78262570,129537135,9002231,5787463,21798383,45852347,82440424,245483591,372739318,66018662,143.5118316
01-02-10,8313399,8073608,23631231,96990132,24123136,23635568,115545330,227510680,33359354,14958829,89264647,165702205,7435136,5584302,37229374,63441634,113690446,303285035,390814714,137008370,139.1409847
01-03-10,9874139,7980553,16659303,74363311,17647334,31519623,122248403,241776343,33187113,18076640,110334006,195833620,10196695,7190728,48681126,70917797,136986346,357431379,413191703,108877306,146.2551619
01-04-10,7395887,7875934,17955151,65914186,17309169,26547872,100964069,224729381,32362288,17325203,96607285,228769093,11261453,8529860,31721687,63745973,115258973,375063869,369550491,99141158,155.1216114
01-05-10,9269980,8527407,19685278,76519749,19850218,32157842,119816928,246235257,32284868,21139124,90413199,211530800,9351805,10381395,34115047,77706514,131554761,355367991,418060245,114002414,141.6982246
01-06-10,11473239,9538062,16767248,74317114,26111792,31276233,128437379,255074384,37221968,26181015,119177199,268985945,10677141,10487876,37894666,75598911,134658594,451566127,440899788,112095663,140.1231834
01-07-10,12035434,11786274,19941036,80475238,25666912,35935014,126431301,257587438,44036761,21329803,104434545,265391482,14386751,10371855,34870228,69005437,128634271,435192591,445620665,124237982,139.7800681
01-08-10,7970382,8649152,17475314,61341643,16656297,24380923,95670379,242495733,31296676,16424030,70719894,195871401,9100689,4871703,24395976,60288125,98656493,314312001,379203332,95436491,141.4237458
01-09-10,9804500,7158465,17458293,70140868,25633875,41235232,137963330,276455846,46452371,29288631,112649388,239948952,19253096,11592752,43868683,78564245,153278776,428339342,481288283,104562126,141.8889378
01-10-10,10032445,10253775,20296577,90496536,22277477,48792499,142037602,321329699,52643541,33602785,111685742,239034575,19338402,10831084,50353227,97184950,177707663,436966643,534437277,131079333,151.3006224
01-11-10,12182253,13340753,20845372,83028381,21006172,41596534,146650483,370874696,58195898,38638250,129522198,294291202,15599152,12627900,49820001,100502983,178550036,520647548,580127885,129396759,157.0154626
01-12-10,14479233,15099313,23692106,90125958,28664034,55962911,172501448,339641412,41541171,25389053,96400721,237360322,12515079,7038919,37280355,75783756,132618109,400691267,596769805,143396610,166.980586
01-01-11,10323648,6659558,18316147,72107274,20232368,34292202,110064851,223718746,35858921,16699569,73650716,170817254,10963082,6236398,25691527,64682650,107573657,297026460,388308167,107406627,173.2875283
01-02-11,10995246,9320563,27239279,87345826,24710116,46929734,124760774,248208741,37445673,24020314,91217621,216747007,12358649,7488745,33931384,86748106,140526884,369430615,444609365,134900914,181.3860698
01-03-11,9499655,11534078,22750776,80908404,25666724,49514833,155821809,288594501,37340446,22934822,93690015,210254558,10697057,6509680,39562507,64068343,120837587,364219841,519597867,124692913,198.8520641
01-04-11,12938344,10860262,18356393,80637207,20603338,42101439,156000560,345291557,34932251,21085912,108101616,261131055,13087279,8390187,50052437,100248971,171778874,425250834,563996894,122792206,212.6387115
01-05-11,11847261,9708676,24094697,93516659,29155885,41239688,158163675,328025251,44080745,24487382,122493040,271430705,13779072,9292200,49917935,95864453,168853660,462491872,556584499,139167293,200.0139084
01-06-11,10208436,10615082,19656732,86951987,34988974,43255907,151710445,334050721,39951814,24497247,103717671,283047613,13142521,10143530,50967034,74570232,148823317,451214345,564006047,127432237,196.6659467
01-07-11,13952043,10809346,22359124,82264655,30293559,50317016,156942687,394402929,40074910,23246093,108392337,295461269,17417562,8885397,46622786,101932230,174857975,467174609,631956191,129385168,200.9392415
01-08-11,9980566,9493035,20344509,62870194,25775223,36016995,131289878,289671625,32425754,19656351,92622285,196692945,13503903,6879551,33126137,67583150,121092741,341397335,482753721,102688304,189.6101024
01-09-11,11054499,9401972,18079048,60694077,39965898,53981021,180583231,428675870,45231815,28242767,110870230,261865257,23962170,7564962,54527355,91987667,178042154,446210069,703206020,99229596,190.4055235
01-10-11,11256924,9836010,21015073,80467277,29542493,55730971,180955885,427794759,51927886,32162037,123947220,304814500,21179626,7734266,49290546,118497440,196701878,512851643,694024108,122575284,189.2553226
01-11-11,11531037,13836811,23836900,96833457,37191150,53854514,185718995,519262842,51211309,32803789,130751179,329114346,16959073,10127815,48620523,112799632,188507043,543880623,796027501,146038205,197.301608
01-12-11,11275898,16588334,25885528,98325175,33509136,70362215,200049230,436167289,39260409,21984527,92186675,282780660,12560651,7380800,40024562,109897455,169863468,436212271,740087870,152074935,195.2277783
01-01-12,9234220,8346017,25278606,67971876,26122660,37621570,133077778,315693116,30424779,16969307,77985140,180588530,12395756,5875092,28676796,102743636,149691280,305967756,512515124,110830719,199.6190661
01-02-12,15818426,12091205,24965573,109721487,36890039,51471654,156841448,405310845,33055546,19221671,92200438,233387498,11887814,7949625,34723008,98406181,152966628,377865153,650513986,162596691,208.6622786
01-03-12,9571312,11011012,23626537,83467557,31718095,57145064,158028938,368769841,35902493,20999813,100087203,240593388,15240328,6583627,44418552,110488240,176730747,397582897,615661938,127676418,216.9519675
01-04-12,9789139,11202354,20765161,97446625,32910895,46032911,134237099,428208983,31681124,21964581,107474401,289571244,14067112,6323080,39194258,109131735,168716185,450691350,641389888,139203279,210.6160889
01-05-12,13200615,12422395,21361621,120131300,31715484,46516479,155879022,475466289,39052692,28248648,132480691,332126230,12930428,8405388,44558723,122606148,188500687,531908261,709577274,167115931,194.3473546
01-06-12,13240296,11938667,25551293,104118329,28376468,47793574,129437176,459517047,40049758,26004163,128887551,362695103,16866180,5838948,48781888,115201066,186688082,557636575,665124265,154848585,172.4508872
01-07-12,13191295,11511591,21607998,128236029,31343175,55000281,152298838,418362836,41278308,27256253,130972048,412623556,14109501,8186086,40791808,127162845,190250240,612130165,657005130,174546913,181.0117357
01-08-12,9502565,8390311,14650829,77469674,28354649,43058031,131804773,342861290,33603143,20045106,89536496,278898911,10870235,7110308,32288590,84433181,134702314,422083656,546078743,110013379,194.5565263
01-09-12,12058787,10656634,22305965,87695216,37435017,55327283,141015686,380935604,41346691,28216006,124558151,339408778,19024055,7241237,39887467,101411433,167564192,533529626,614713590,132716602,196.3770709
01-10-12,12479076,11527984,25491488,124067659,33799155,55837928,167039801,480936397,50988298,39887130,156841426,384667832,16732900,12766285,48260722,119979741,197739648,632384686,737613281,173566207,190.9941747
01-11-12,13241968,14442629,23614275,108536574,37159493,60995844,183355619,467076439,52971281,38890313,137263872,411431489,13935208,8790486,48269366,137170412,208165472,640556955,748587395,159835446,187.5229778
01-12-12,11623014,16943694,29388780,123182452,31710507,63786869,137860675,366261745,32837941,23605535,105088362,338411481,8557456,8854598,34259407,109742742,161414203,499943319,599619796,181137940,188.2774221
01-01-13,8682080,8649759,25687131,76148866,30039949,53530168,137480983,330575210,30495143,19670710,82029942,271056851,10558542,5500881,34937749,88516253,139513425,403252646,551626310,119167836,194.2096612
01-02-13,11905758,12215434,24944020,137700207,30476330,50334835,120669518,312360833,27133921,21694162,91041309,288324445,14138593,5704272,41849915,100723299,162416079,428193837,513841516,186765419,198.629106
01-03-13,8346594,11938635,25258216,129264233,32276331,48160962,136221536,334348180,30088329,19891614,92973005,281844169,13614081,7126714,43421022,129228050,193389867,424797117,551007009,174807678,190.6463738
01-04-13,8855294,11071211,25518647,135925351,27142363,52119849,139050309,389068844,31880106,24602446,101708252,358275100,15320155,10382688,38353772,106738896,170795511,516465904,607381365,181370503,184.4144687
01-05-13,10590290,14888585,24503698,109374019,29003001,62369530,130774059,383965654,35531941,28588353,118320025,382039012,11696283,9232226,46824564,120507862,188260935,564479331,606112244,159356592,184.491531
01-06-13,12379918,12742353,21968506,124097890,27386933,62018120,139864995,374045329,35491172,27109235,116086085,380628745,13096249,9948230,46261719,108516715,177822913,559315237,603315377,171188667,184.9503705
01-07-13,17418700,18551762,32184441,117422482,32849454,63825608,148946795,423251509,36631451,31239280,131859188,438198927,16292020,10606566,50671218,114535575,192105379,637928846,668873366,185577385,192.2515869
01-08-13,12081354,10033044,14667057,95414680,29917864,58126029,117949542,326895591,30705035,21503337,83033396,280937387,11298023,5965602,32499805,83900299,133663729,416179155,532889026,132196135,196.7799009
01-09-13,9314658,8949174,22681544,106047687,36171277,74984355,163703426,381142967,37626779,30228629,121572229,379900168,15141960,13398435,44873610,125965751,199379756,569327805,656002025,146993063,198.1404904
01-10-13,11554869,12600556,26401196,128584266,28763554,70798291,171157964,454735862,45770395,38707500,134705147,412832602,18529655,13249099,58392182,118080834,208251770,632015644,725455671,179140887,193.0255178
01-11-13,9241371,15894661,28087428,118728532,37534451,71263916,159530005,434462034,45678648,35543494,129363987,439448893,16553558,11069231,49333929,124923170,201879888,650035022,702790406,171951992,188.9509115
01-12-13,11921019,19581856,27006450,118667160,36019707,65528161,155102776,380195990,32962387,25130466,96194479,366037402,10473965,7661263,39470438,107869078,165474744,520324734,636846634,177176485,194.2844368
01-01-14,10488690,13173068,36271419,101631800,30928739,57920613,141202335,310795394,28869014,18648643,80019183,287970742,9129029,8052888,43039858,110367955,170589730,415507582,540847081,161564977,189.0425053
01-02-14,10552519,9478212,27237637,150543061,23271509,62179565,145605659,380309296,28464109,22185824,90393803,284780388,13424733,8636858,38453611,111044021,171559223,425824124,611366029,197811429,193.0144927
01-03-14,9133591,10151029,25699870,127466744,24139643,72516131,140333215,359392213,29621473,23670264,86277370,268006030,8249534,7553951,34399228,119671308,169874021,407575137,596381202,172451234,190.9420579
01-04-14,8660994,10923393,25310472,124722796,24635781,59471533,131876061,440776863,28695403,24889737,112426063,352289528,13549651,7375288,43884268,110029733,174838940,518300731,656760238,169617655,192.2312406
01-05-14,10273814,10982590,28422235,116120840,28139422,62764827,142499841,392360419,33801200,28666017,110270380,386328109,12869463,9026471,39698866,131769958,193364758,559065706,625764509,165799479,193.3848814
01-06-14,11930933,12186424,23143432,134238652,30438383,65696188,142488768,383472204,33279626,28629968,125245365,382758733,13692899,10796845,38663830,114361781,177515355,569913692,622095543,181499441,197.2812772
01-07-14,12482736,12990229,28947373,165738062,41555143,69540460,167771989,442729219,36678800,27771271,126661525,399011611,15723590,12119927,43835675,116925867,188605059,590123207,721596811,220158400,190.8476072
01-08-14,10909843,10630625,17778703,96493514,31538951,63749338,128906899,322803067,30236308,23484595,80800209,279290090,12888519,7284954,30788486,90898556,141860515,413811202,546998255,135812685,182.9861346
01-09-14,11316827,17045793,20649082,110625258,34530647,74307499,155634695,424292776,40191223,31309637,124862824,361538402,19176138,12254796,43541469,139824280,214796683,557902086,688765617,159636960,175.8467996
01-10-14,10931145,16357091,28432071,151924098,45179186,74293308,155441382,484622570,45107391,35712516,146965976,419366909,19296146,11593997,53171752,166882350,250944245,647152792,759536446,207644405,159.7739304
01-11-14,11294155,9587915,21374974,133353045,24095240,66412594,124618799,393266263,43068965,37340407,145680803,404884020,15459961,10194380,47094110,157583626,230332077,630974195,608392896,175610089,145.3711724
01-12-14,13601543,16318595,24374736,121531118,29907286,70484768,123481711,344116366,37361939,27759030,113134780,356384043,9117924,9701239,32057083,109288482,160164728,534639792,567990131,175825992,119.2717998
01-01-15,11155249,10503322,29069036,108846059,26563502,63798833,136542293,334664731,29414327,23324698,97202662,300047013,10856418,7452068,31463971,124382812,174155269,449988700,561569359,159573666,96.6051947
01-02-15,12246034,10571419,19383990,139694949,24157153,53662447,138023081,325892465,32749528,24781212,102804360,294435590,15986647,9428065,31843546,125711168,182969426,454770690,541735146,181896392,108.6390143
01-03-15,13738949,13946044,24407368,114180843,29768899,59650211,122723003,347823923,31071104,25640423,97472225,327667205,15603953,8123458,33627522,149677614,207032547,481850957,559966036,166273204,104.4447922
01-04-15,12524147,14280447,19846138,107014236,30347621,47272888,110894964,362303443,30543242,25363022,121242397,389580855,12239371,6412425,32569429,129531513,180752738,566729516,550818916,153664968,108.6599026
01-05-15,10130201,9400798,24440548,114153243,23105929,56372025,108428458,315041526,30453169,28705963,117357796,403307009,11061863,8464934,35158897,110589588,165275282,579823937,502947938,158124790,116.3616999
01-06-15,13500331,15337283,27851049,137079288,24283901,62501040,128932136,338040119,36568240,29011508,136184864,462780770,15581524,9479362,42080135,119601605,186742626,664545382,553757196,193767951,113.9818427
01-07-15,11468717,13737418,26496290,127632069,36685665,51802632,131357911,336577681,36765497,29373133,133139471,434299987,14744770,7411583,46092239,130543346,198791938,633578088,556423889,179334494,102.8575084
01-08-15,10674773,10787939,20129189,102638166,23312245,37427253,93061191,297965767,27916573,22513533,94580928,323946134,9285280,5900631,37627492,105685480,158498883,468957168,451766456,144230067,89.12148053
01-09-15,8831922,10225937,21804761,111282992,31036553,60631754,129108153,356490715,38726155,29925891,124963444,384233932,16325022,8920099,37521842,111531179,174298142,577849422,577267175,152145612,89.49027786
01-10-15,12409236,11832747,28928193,128368418,37337763,58620197,130158833,338374032,40018802,33462402,144905845,421143066,16695361,12063303,45777462,150424349,224960475,639530115,564490825,181538594,89.85648312
01-11-15,10898405,13974323,23363820,147475458,27533922,51403457,120529295,339958327,42975412,35377758,134807399,394302193,12403984,11928067,44377378,159953371,228662800,607462762,539425001,195712006,83.10327083
01-12-15,13501591,15362322,31868689,131686877,32749090,50059181,122981348,302045389,39285452,29841761,110732955,361300730,11794280,7480551,34058133,99964276,153297240,541160898,507835008,192419479,72.65541824
01-01-16,9819883,10481792,30215909,108467277,26757238,55067967,119271978,281181294,29392334,19782098,88451475,320725867,6080358,5338656,26441645,107792376,145653035,458351774,482278477,158984861,60.64389887
01-02-16,9213716,11129069,23506668,146620049,24693855,45802116,109245547,296581176,30859048,21511651,92294820,349791932,9363333,11957956,35414593,135717171,192453053,494457451,476322694,190469502,62.06607727
01-03-16,9453068,9512630,23560610,111936633,28770641,34674008,98890505,260922439,24961356,21473115,92258980,308479439,9433596,9738180,33435125,84155514,136762415,447172890,423257593,154462941,71.49633507
01-04-16,9754597,12960395,25284402,117302102,22776837,40549418,113723969,298551777,28544522,23637561,112167846,321751785,11620885,9972985,41818089,118120641,181532600,486101714,475602001,165301496,76.35472164
01-05-16,12219975,12690871,23658213,119902280,21647968,33718726,106381806,253646329,27441473,26801393,114321505,336465942,11013135,11123923,34266337,102078813,158482208,505030313,415394829,168471339,84.71413377
01-06-16,10100571,13866788,35689691,113075887,23310130,38872610,115309688,281226524,32001926,29620062,120104806,348083846,11625307,8205189,40179230,109644356,169654082,529810640,458718952,172732937,88.00857162
01-07-16,10941212,12302190,32241895,100869835,24658315,46319030,120496920,265347529,33578132,25666620,113333823,388517313,14845042,9519430,33579679,110854050,168798201,561095888,456821794,156355132,83.32625062
01-08-16,7438116,12708870,24558024,79280499,22893153,41767268,109203119,220339060,27837556,22482453,96289427,300434045,14785382,7742424,27582609,88443237,138553652,447043481,394202600,123985509,85.05635448
01-09-16,8630060,8878880,31700830,105402413,25255622,51045108,116038223,294150676,36560214,27160779,131238977,347287506,17481265,10884822,36415124,118326230,183107441,542247476,486489629,154612183,85.72094352
01-10-16,9101231,12609360,25782180,102879815,23334863,54069638,125582265,303336735,36548059,25813717,123783577,351460075,14392160,10247882,32691292,131202728,188534062,537605428,506323501,150372586,94.17584115
01-11-16,9672847,10583474,33405847,128518073,21127899,51890369,131928967,326668086,48055028,33277840,138497333,382158715,15448709,10314643,38671906,122725466,187160724,601988916,531615321,182180241,88.82862609
01-12-16,11360987,16167969,37967729,116942579,29374132,67833381,123842620,271019348,35676719,26325826,106622482,323949632,9597419,11944721,33479430,114388259,169409829,492574659,492069481,182439264,100.1245307
01-01-17,6488509,10018171,26484052,101820993,24983924,48795633,114901144,263996341,30473778,18923617,89322424,300006946,4869742,5428905,27051932,120893820,158244399,438726765,452677042,144811725,103.457523
01-02-17,7224033,8825634,26430182,127334863,18787724,43083946,120037463,261956903,24228169,20021472,88836798,322639346,8540624,15169533,27216568,87695460,138622185,455725785,443866036,169814712,103.0442089
01-03-17,8916011,10896663,22809721,99947443,26122121,51429229,119635532,298826494,28000337,24639316,99918362,322203644,6906480,7412657,33434205,112384784,160138126,474761659,496013376,142569838,95.98321818
01-04-17,8898437,11578475,28219488,101675927,16460211,47261188,110678566,283747381,22769800,22118413,117243204,347277458,8650442,5855093,30509972,101464912,146480419,509408875,458147346,150372327,98.42483375
01-05-17,10445677,14748856,27840904,108645613,20229644,42762938,129550255,311222743,26563817,26808981,115378660,412661889,6789321,8808407,30422991,113627696,159648415,581413347,503765580,161681050,94.04719382
01-06-17,13012657,14171157,38091445,125079514,20549744,53325129,133559723,268350998,34111816,26180081,129094231,395714049,8309754,9766361,32990296,118367922,169434333,585100177,475785594,190354773,88.24790735
01-07-17,10081748,9604785,32420756,118395528,20940303,56111474,140474268,276214997,30476141,26227926,119136136,386865751,5766372,6821544,33995866,124987567,171571349,562705954,493741042,170502817,NA
01-08-17,7922798,12152936,24378684,79785499,25195251,43324696,106174070,249572962,26945046,19032650,100537236,322993883,6577127,7284493,25399321,94348412,133609353,469508815,424266979,124239917,NA
01-09-17,7884929,9765330,29195150,113615531,21723792,58646768,134348647,271497839,31365460,28076530,129933422,348985012,11382098,7425111,31040936,132970676,182818821,538360424,486217046,160460940,NA
01-10-17,11277815,11354995,30837825,115284868,23629400,61085561,160153397,337647135,33399038,29572789,140329643,369457369,9119034,12812466,37117266,114609772,173658538,572758839,582515493,168755503,NA
01-11-17,7896745,10902141,32986799,133875678,25049393,71637452,175796250,333842182,42354375,30601484,132944173,408280205,9369958,9672999,36565799,130186466,185795222,614180237,606325277,185661363,NA
01-12-17,12392009,13926469,34274837,111384468,23170276,70524561,147337058,305093837,29989211,22763143,105280864,321833356,6777766,11202715,30959301,103264853,152204635,479866574,546125732,171977783,NA
